id,title,type,originalFileName,sourceFileName,savedName,bytes,status,message
1069,产品说明书使用指南,标准图文,,,,0,skipped,标准图文内容，无文档课件 PDF 下载地址
1071,产品说明书使用指南,标准图文,,,,0,skipped,标准图文内容，无文档课件 PDF 下载地址
1114,【产品说明书】ESF20-A 清滤宝黑钻尊享型,文档,清滤宝黑钻尊享型 ESF20-A_20220712145727970.pdf,ecowater/content/20220712/清滤宝黑钻尊享型 ESF20-A_20220712145727970.pdf,ESF20-A 清滤宝黑钻尊享型.pdf,4509140,ok,downloaded
1115,【产品说明书】ESF21-A 清滤宝黑钻尊享型,文档,清滤宝黑钻尊享型ESF21-A_20220712145858657.pdf,ecowater/content/20220712/清滤宝黑钻尊享型ESF21-A_20220712145858657.pdf,ESF21-A 清滤宝黑钻尊享型.pdf,4509140,ok,downloaded
1116,【产品说明书】ESF10-A 清滤宝智能加强型,文档,清滤宝智能加强型 ESF10-A_2022071215000143.pdf,ecowater/content/20220712/清滤宝智能加强型 ESF10-A_2022071215000143.pdf,ESF10-A 清滤宝智能加强型.pdf,19105929,ok,downloaded
1117,【产品说明书】ESF05-M 清滤宝标准型,文档,清滤宝标准型 ESF05-M_20220712154218693.pdf,ecowater/content/20220712/清滤宝标准型 ESF05-M_20220712154218693.pdf,ESF05-M 清滤宝标准型.pdf,17194916,ok,downloaded
1118,【产品说明书】ESF102-M 清滤宝基础型,文档,清滤宝基础型 ESF102-M_20220712154527231.pdf,ecowater/content/20220712/清滤宝基础型 ESF102-M_20220712154527231.pdf,ESF102-M 清滤宝基础型.pdf,3402187,ok,downloaded
1119,【产品说明书】ESF02-M 清滤宝基础型,文档,清滤宝基础型 ESF02-M_2022071215464190.pdf,ecowater/content/20220712/清滤宝基础型 ESF02-M_2022071215464190.pdf,ESF02-M 清滤宝基础型.pdf,15338864,ok,downloaded
1120,【产品说明书】MASF1 清滤宝基本型,文档,清滤宝基本型 MASF1_20220712155043970.pdf,ecowater/content/20220712/清滤宝基本型 MASF1_20220712155043970.pdf,MASF1 清滤宝基本型.pdf,13769949,ok,downloaded
1121,【产品说明书】EPSF09-A 清滤卫士智能型,文档,清滤卫士智能型EPSF09-A_20220712155137264.pdf,ecowater/content/20220712/清滤卫士智能型EPSF09-A_20220712155137264.pdf,EPSF09-A 清滤卫士智能型.pdf,4334787,ok,downloaded
1122,【产品说明书】EPSF04-M 清滤卫士标准型,文档,清滤卫士标准型EPSF04-M_20220712155228775.pdf,ecowater/content/20220712/清滤卫士标准型EPSF04-M_20220712155228775.pdf,EPSF04-M 清滤卫士标准型.pdf,17078390,ok,downloaded
1123,【产品说明书】EPSF03-M 怡可飘,文档,怡可飘 EPSF03-M_20220712155318607.pdf,ecowater/content/20220712/怡可飘 EPSF03-M_20220712155318607.pdf,EPSF03-M 怡可飘.pdf,20802642,ok,downloaded
1124,【产品说明书】EPSF01-M 怡可飘,文档,怡可飘 EPSF01-M _20220712155414664.pdf,ecowater/content/20220712/怡可飘 EPSF01-M _20220712155414664.pdf,EPSF01-M 怡可飘.pdf,20802642,ok,downloaded
1125,【产品说明书】ETF2300 ECCWS 黑钻系列,文档,8.6033727_ETF2300 ECCWS Owner Manual,ecowater/content/20250306/20250306160301/b1956a7ab17412m7x27m.pdf,ETF2300 ECCWS 黑钻系列.pdf,11015438,ok,downloaded
1126,【产品说明书】ETF2300 PF12 黑钻系列,文档,6.6033719_ETF2300 PF12 Owner Manual,ecowater/content/20250306/20250306160355/o1956a7b817412m7x28m.pdf,ETF2300 PF12 黑钻系列.pdf,3686954,ok,downloaded
1127,【产品说明书】MG2100-PF10 净雅除铅豪华型,文档,净雅除铅豪华型 MG2100-PF10_20220712160306328.pdf,ecowater/content/20220712/净雅除铅豪华型 MG2100-PF10_20220712160306328.pdf,MG2100-PF10 净雅除铅豪华型.pdf,2074364,ok,downloaded
1128,【产品说明书】MG2100-PF12 净雅除豪华超容型,文档,净雅除铅豪华超容型 MG2100-PF12_20220712160700792.pdf,ecowater/content/20220712/净雅除铅豪华超容型 MG2100-PF12_20220712160700792.pdf,MG2100-PF12 净雅除豪华超容型.pdf,2074364,ok,downloaded
1129,【产品说明书】MG2100-PF20 净雅除铅增强型,文档,净雅除铅增强型 MG2100-PF20_202207121610599.pdf,ecowater/content/20220712/净雅除铅增强型 MG2100-PF20_202207121610599.pdf,MG2100-PF20 净雅除铅增强型.pdf,1736282,ok,downloaded
1130,【产品说明书】MG610WHF 净雅除铅灵巧型,文档,净雅除铅灵巧型 MG610WHF_20220712161329955.pdf,ecowater/content/20220712/净雅除铅灵巧型 MG610WHF_20220712161329955.pdf,MG610WHF 净雅除铅灵巧型.pdf,1678191,ok,downloaded
1131,【产品说明书】MG618WHF 净雅除铅标准型,文档,净雅除铅标准型 MG618WHF_20220712161422116.pdf,ecowater/content/20220712/净雅除铅标准型 MG618WHF_20220712161422116.pdf,MG618WHF 净雅除铅标准型.pdf,1678191,ok,downloaded
1132,【产品说明书】610WHF 净雅标准型,文档,净雅标准型 610WHF_20220712161519803.pdf,ecowater/content/20220712/净雅标准型 610WHF_20220712161519803.pdf,610WHF 净雅标准型.pdf,1862264,ok,downloaded
1133,【产品说明书】618WHF 净雅增强型,文档,2.6003709_610_618WHF Owner Manual,ecowater/content/20250306/20250306160852/x1956a80117412m7x2ff.pdf,618WHF 净雅增强型.pdf,17733589,ok,downloaded
1134,【产品说明书】ETF2100-PF10 净雅超容豪华型,文档,3.6003710_ETF2100-PF10 Owner Manual,ecowater/content/20250306/20250306160758/c1956a7f317412m7x2dg.pdf,ETF2100-PF10 净雅超容豪华型.pdf,18460058,ok,downloaded
1135,【产品说明书】200 Compact 黑钻系列,文档,4.6033788_200 Compact Owners' Manual REV B,ecowater/content/20250306/20250306160729/z1956a7ec17412m7x2db.pdf,200 Compact 黑钻系列.pdf,24159861,ok,downloaded
1136,【产品说明书】300 Boost 黑钻系列,文档,5.6033718_Evolution 200Compact _300Boost_500PowerOwner Manual,ecowater/content/20250306/20250306160603/s1956a7d717412m7x2bf.pdf,300 Boost 黑钻系列.pdf,24144939,ok,downloaded
1137,【产品说明书】500 Power 黑钻系列,文档,黑钻系列500 Power_20220712163347374.pdf,ecowater/content/20220712/黑钻系列500 Power_20220712163347374.pdf,500 Power 黑钻系列.pdf,20912564,ok,downloaded
1138,【产品说明书】ECR3500 R20 超柔智多星标准型,文档,超柔智多星标准型ECR3500 R20_20220712163621866.pdf,ecowater/content/20220712/超柔智多星标准型ECR3500 R20_20220712163621866.pdf,ECR3500 R20 超柔智多星标准型.pdf,4912865,ok,downloaded
1139,【产品说明书】ECR3500 R30 超柔智多星增强型,文档,超柔智多星增强型ECR3500 R30_20220712163728451.pdf,ecowater/content/20220712/超柔智多星增强型ECR3500 R30_20220712163728451.pdf,ECR3500 R30 超柔智多星增强型.pdf,4912865,ok,downloaded
1140,【产品说明书】918ECM 润柔标准型,文档,润柔标准型918ECM_20220712163836703.pdf,ecowater/content/20220712/润柔标准型918ECM_20220712163836703.pdf,918ECM 润柔标准型.pdf,7156176,ok,downloaded
1141,【产品说明书】925ECM 润柔增强型,文档,润柔增强型 925ECM_20220712163953478.pdf,ecowater/content/20220712/润柔增强型 925ECM_20220712163953478.pdf,925ECM 润柔增强型.pdf,7156176,ok,downloaded
1142,【产品说明书】818ECD 智柔标准型,文档,智柔标准型818ECD_20220712164052791.pdf,ecowater/content/20220712/智柔标准型818ECD_20220712164052791.pdf,818ECD 智柔标准型.pdf,5441196,ok,downloaded
1143,【产品说明书】825ECD 智柔增强型,文档,智柔增强型825ECD_20220712164153593.pdf,ecowater/content/20220712/智柔增强型825ECD_20220712164153593.pdf,825ECD 智柔增强型.pdf,5441196,ok,downloaded
1144,【产品说明书】609ECM 轻柔标准型,文档,轻柔标准型609ECM_20220712164258300.pdf,ecowater/content/20220712/轻柔标准型609ECM_20220712164258300.pdf,609ECM 轻柔标准型.pdf,7156176,ok,downloaded
1145,【产品说明书】611ECM 轻柔增强型,文档,轻柔增强型611ECM_20220712164353386.pdf,ecowater/content/20220712/轻柔增强型611ECM_20220712164353386.pdf,611ECM 轻柔增强型.pdf,7156176,ok,downloaded
1146,【产品说明书】615ECM 轻柔豪华型,文档,1.6003706_609_611_615ECM  Owner Manual,ecowater/content/20250306/20250306161013/p1956a81417412m7x2gy.pdf,615ECM 轻柔豪华型.pdf,7131580,ok,downloaded
1147,【产品说明书】KS1 ES301 柔爱系列,文档,柔爱系列 KS1 ES301_20220712164602425.pdf,ecowater/content/20220712/柔爱系列 KS1 ES301_20220712164602425.pdf,KS1 ES301 柔爱系列.pdf,5883592,ok,downloaded
1148,【产品说明书】Refiner Power 黑钻系列,文档,黑钻系列Refiner Power_20220712165201125.pdf,ecowater/content/20220712/黑钻系列Refiner Power_20220712165201125.pdf,Refiner Power 黑钻系列.pdf,5408119,ok,downloaded
1149,【产品说明书】Refiner Boost 黑钻系列,文档,7.6033724_eVOLUTIONRefiner Boost_Powe Owner Manual,ecowater/content/20250306/20250306160327/x1956a7b117412m7x28c.pdf,Refiner Boost 黑钻系列.pdf,23344346,ok,downloaded
1150,【产品说明书】ERR3502 R30 柔净双子星豪华型,文档,柔净双子星豪华型ERR3502 R30_20220712165419410.pdf,ecowater/content/20220712/柔净双子星豪华型ERR3502 R30_20220712165419410.pdf,ERR3502 R30 柔净双子星豪华型.pdf,4912865,ok,downloaded
1151,【产品说明书】ERR3500 R20 柔净智多星标准型,文档,柔净智多星标准型 ERR3500 R20_20220712165520867.pdf,ecowater/content/20220712/柔净智多星标准型 ERR3500 R20_20220712165520867.pdf,ERR3500 R20 柔净智多星标准型.pdf,36138245,ok,downloaded
1152,【产品说明书】CES-150E 双温典雅型,文档,双温典雅型CES-150E_20220712165930150.pdf,ecowater/content/20220712/双温典雅型CES-150E_20220712165930150.pdf,CES-150E 双温典雅型.pdf,10813792,ok,downloaded
1153,【产品说明书】CES-150P 调温豪华型,文档,调温豪华型 CES-150P_20220712170020613.pdf,ecowater/content/20220712/调温豪华型 CES-150P_20220712170020613.pdf,CES-150P 调温豪华型.pdf,10813792,ok,downloaded
1154,【产品说明书】ERO311-4-UC 纯饮智享,文档,纯饮智享 ERO311-4-UC_20220712170111172.pdf,ecowater/content/20220712/纯饮智享 ERO311-4-UC_20220712170111172.pdf,ERO311-4-UC 纯饮智享.pdf,1402789,ok,downloaded
1155,【产品说明书】ERO226-3 纯E系列RO,文档,纯E系列RO ERO226-3_20220712170154367.pdf,ecowater/content/20220712/纯E系列RO ERO226-3_20220712170154367.pdf,ERO226-3 纯E系列RO.pdf,9454644,ok,downloaded
1156,【产品说明书】ERO216-3 纯E系列RO,文档,纯E系列RO ERO216-3_20220712170239668.pdf,ecowater/content/20220712/纯E系列RO ERO216-3_20220712170239668.pdf,ERO216-3 纯E系列RO.pdf,9685793,ok,downloaded
1157,【产品说明书】ERO211-3 纯E系列RO,文档,纯E系列RO ERO211-3_20220712170325469.pdf,ecowater/content/20220712/纯E系列RO ERO211-3_20220712170325469.pdf,ERO211-3 纯E系列RO.pdf,10302070,ok,downloaded
1158,【产品说明书】ERO201-3 纯E系列RO,文档,纯E系列RO ERO201-3_2022071217040952.pdf,ecowater/content/20220712/纯E系列RO ERO201-3_2022071217040952.pdf,ERO201-3 纯E系列RO.pdf,10302070,ok,downloaded
1159,【产品说明书】ERO102-3 纯饮灵动RO,文档,纯饮灵动RO ERO102-3_20220712170457237.pdf,ecowater/content/20220712/纯饮灵动RO ERO102-3_20220712170457237.pdf,ERO102-3 纯饮灵动RO.pdf,8906806,ok,downloaded
1160,【产品说明书】ERO121-3 纯爱系列 K1,文档,纯爱系列 K1 ERO121-3_20220712170550515.pdf,ecowater/content/20220712/纯爱系列 K1 ERO121-3_20220712170550515.pdf,ERO121-3 纯爱系列 K1.pdf,8646398,ok,downloaded
1161,【产品说明书】800SPRO 纯饮慧泉宝,文档,纯饮慧泉宝 800SPRO_20220712170635427.pdf,ecowater/content/20220712/纯饮慧泉宝 800SPRO_20220712170635427.pdf,800SPRO 纯饮慧泉宝.pdf,20444114,ok,downloaded
1162,【产品说明书】800GPRO Plus 纯饮净泉宝+,文档,纯饮净泉宝+800GPRO Plus_20220712170739129.pdf,ecowater/content/20220712/纯饮净泉宝+800GPRO Plus_20220712170739129.pdf,800GPRO Plus 纯饮净泉宝+.pdf,24666533,ok,downloaded
1163,【产品说明书】800GPRO-E 纯饮净泉宝加强型,文档,纯饮净泉宝加强型800GPRO-E_20220712170834941.pdf,ecowater/content/20220712/纯饮净泉宝加强型800GPRO-E_20220712170834941.pdf,800GPRO-E 纯饮净泉宝加强型.pdf,8571673,ok,downloaded
1164,【产品说明书】800HPRO-E Plus 纯饮甘泉宝+,文档,纯饮甘泉宝+ 800HPRO-E Plus_20220712170937780.pdf,ecowater/content/20220712/纯饮甘泉宝+ 800HPRO-E Plus_20220712170937780.pdf,800HPRO-E Plus 纯饮甘泉宝+.pdf,24666533,ok,downloaded
1165,【产品说明书】800HPRO Plus 纯饮清泉宝+,文档,纯饮清泉宝+ 800HPRO Plus_20220712171138237.pdf,ecowater/content/20220712/纯饮清泉宝+ 800HPRO Plus_20220712171138237.pdf,800HPRO Plus 纯饮清泉宝+.pdf,24666533,ok,downloaded
1166,【产品说明书】800CPRO 纯饮滢泉宝,文档,纯饮滢泉宝800CPRO_20220712173717811.pdf,ecowater/content/20220712/纯饮滢泉宝800CPRO_20220712173717811.pdf,800CPRO 纯饮滢泉宝.pdf,8571673,ok,downloaded
1167,【产品说明书】800APRO Plus 纯饮特供机型＋,文档,纯饮特供机型＋800APRO Plus_20220712173818824.pdf,ecowater/content/20220712/纯饮特供机型＋800APRO Plus_20220712173818824.pdf,800APRO Plus 纯饮特供机型＋.pdf,6925179,ok,downloaded
1168,【产品说明书】800GPRO 纯饮净泉宝,文档,纯饮净泉宝800GPRO_20220712174011492.pdf,ecowater/content/20220712/纯饮净泉宝800GPRO_20220712174011492.pdf,800GPRO 纯饮净泉宝.pdf,8571673,ok,downloaded
1169,【产品说明书】ERO265-3 Slim S-Pro (电商渠道),文档,Slim S-Pro（电商渠道）ERO265-3_20220712174100482.pdf,ecowater/content/20220712/Slim S-Pro（电商渠道）ERO265-3_20220712174100482.pdf,ERO265-3 Slim S-Pro (电商渠道).pdf,9492041,ok,downloaded
1170,【产品说明书】ERO231-3 Slim S1 (天猫渠道),文档,Slim S1（天猫渠道）ERO231-3_20220712174159404.pdf,ecowater/content/20220712/Slim S1（天猫渠道）ERO231-3_20220712174159404.pdf,ERO231-3 Slim S1 (天猫渠道).pdf,9809081,ok,downloaded
1171,【产品说明书】ERO232-3 Slim S1 (京东渠道),文档,Slim S1（京东渠道）ERO232-3_20220712174631326.pdf,ecowater/content/20220712/Slim S1（京东渠道）ERO232-3_20220712174631326.pdf,ERO232-3 Slim S1 (京东渠道).pdf,9809081,ok,downloaded
1172,【产品说明书】ERO001-3 纯饮Mini RO,文档,纯饮Mini RO ERO001-3_20220712174724356.pdf,ecowater/content/20220712/纯饮Mini RO ERO001-3_20220712174724356.pdf,ERO001-3 纯饮Mini RO.pdf,8341444,ok,downloaded
1173,【产品说明书】ERO002-3 纯饮Mini RO,文档,纯饮Mini RO ERO002-3_20220712174808983.pdf,ecowater/content/20220712/纯饮Mini RO ERO002-3_20220712174808983.pdf,ERO002-3 纯饮Mini RO.pdf,8341444,ok,downloaded
1174,【产品说明书】Slim S1-Lite (电商渠道) ERO131-3,文档,,ecowater/content/20220712/Slim S1-Lite（电商渠道）ERO131-3_20220712174855158.pdf,Slim S1-Lite (电商渠道) ERO131-3.pdf,11987121,ok,downloaded
1175,【产品说明书】U1 EUF502-2 享爱系列,文档,享爱系列 U1 EUF502-2_20220712174950981.pdf,ecowater/content/20220712/享爱系列 U1 EUF502-2_20220712174950981.pdf,U1 EUF502-2 享爱系列.pdf,17414309,ok,downloaded
1176,【产品说明书】EUF202-2 臻爱系列,文档,臻爱系列EUF202-2_20220712175040704.pdf,ecowater/content/20220712/臻爱系列EUF202-2_20220712175040704.pdf,EUF202-2 臻爱系列.pdf,7773651,ok,downloaded
1177,【产品说明书】EUF201-2 臻爱系列,文档,臻爱系列 EUF201-2_20220712175136348.pdf,ecowater/content/20220712/臻爱系列 EUF201-2_20220712175136348.pdf,EUF201-2 臻爱系列.pdf,7773651,ok,downloaded
1178,【产品说明书】830VC 清饮功能标准型,文档,清饮功能标准型 830VC_20220712175303817.pdf,ecowater/content/20220712/清饮功能标准型 830VC_20220712175303817.pdf,830VC 清饮功能标准型.pdf,16876080,ok,downloaded
1179,【产品说明书】830VC Plus 清饮功能加强型,文档,清饮功能加强型830VC Plus_20220712175511955.pdf,ecowater/content/20220712/清饮功能加强型830VC Plus_20220712175511955.pdf,830VC Plus 清饮功能加强型.pdf,16876080,ok,downloaded
1180,【产品说明书】800 FFDC 清饮智能宝,文档,清饮智能宝 800 FFDC_20220712175608476.pdf,ecowater/content/20220712/清饮智能宝 800 FFDC_20220712175608476.pdf,800 FFDC 清饮智能宝.pdf,16250311,ok,downloaded
1181,【产品说明书】800F1DC Plus 清饮超能宝,文档,清饮超能宝 800F1DC Plus_20220712175703417.pdf,ecowater/content/20220712/清饮超能宝 800F1DC Plus_20220712175703417.pdf,800F1DC Plus 清饮超能宝.pdf,16250311,ok,downloaded
1182,【产品说明书】EBUF105-3-AS 挚爱系列,文档,挚爱系列 EBUF105-3-AS_20220712175759582.pdf,ecowater/content/20220712/挚爱系列 EBUF105-3-AS_20220712175759582.pdf,EBUF105-3-AS 挚爱系列.pdf,8090865,ok,downloaded
1183,【产品说明书】M1 EUF500-1 享爱系列,文档,享爱系列 M1 EUF500-1_20220712175846483.pdf,ecowater/content/20220712/享爱系列 M1 EUF500-1_20220712175846483.pdf,M1 EUF500-1 享爱系列.pdf,15555347,ok,downloaded
1184,【产品说明书】820 VC 安饮功能加强型,文档,安饮功能加强型 820 VC_20220712180010954.pdf,ecowater/content/20220712/安饮功能加强型 820 VC_20220712180010954.pdf,820 VC 安饮功能加强型.pdf,22436934,ok,downloaded
1185,【产品说明书】EMF110-H 安饮复合功能加强型,文档,安饮复合功能加强型 EMF110-H_20220712180105398.pdf,ecowater/content/20220712/安饮复合功能加强型 EMF110-H_20220712180105398.pdf,EMF110-H 安饮复合功能加强型.pdf,2772531,ok,downloaded
1186,【产品说明书】EMF108 -H 安饮复合功能型,文档,安饮复合功能型 EMF108 -H_20220712180158450.pdf,ecowater/content/20220712/安饮复合功能型 EMF108 -H_20220712180158450.pdf,EMF108 -H 安饮复合功能型.pdf,1549042,ok,downloaded
1187,【产品说明书】EMF106-h 安饮复合标准型,文档,安饮复合标准型 EMF106-h_20220712180257781.pdf,ecowater/content/20220712/安饮复合标准型 EMF106-h_20220712180257781.pdf,EMF106-h 安饮复合标准型.pdf,9428843,ok,downloaded
1188,【产品说明书】ERH-1 台式净饮机（天猫款）,文档,台式净饮机（天猫款）ERH-1_20220712180346734.pdf,ecowater/content/20220712/台式净饮机（天猫款）ERH-1_20220712180346734.pdf,ERH-1 台式净饮机（天猫款）.pdf,14480653,ok,downloaded
1189,【产品说明书】ERH-3 台式净饮机（天猫款）,文档,台式净饮机（天猫款）ERH-3_20220712180433156.pdf,ecowater/content/20220712/台式净饮机（天猫款）ERH-3_20220712180433156.pdf,ERH-3 台式净饮机（天猫款）.pdf,14480653,ok,downloaded
1190,【产品说明书】ERH-2 台式净饮机（京东款）,文档,台式净饮机（京东款）ERH-2_20220714163016162.pdf,ecowater/content/20220714/台式净饮机（京东款）ERH-2_20220714163016162.pdf,ERH-2 台式净饮机（京东款）.pdf,14500881,ok,downloaded
1191,【产品说明书】HF-75X 怡可飘,文档,怡可飘 HF-75X_20220712180640793.pdf,ecowater/content/20220712/怡可飘 HF-75X_20220712180640793.pdf,HF-75X 怡可飘.pdf,6695692,ok,downloaded
1192,【产品说明书】EPMF107-H 怡可飘,文档,怡可飘 EPMF107-H_20220712180733461.pdf,ecowater/content/20220712/怡可飘 EPMF107-H_20220712180733461.pdf,EPMF107-H 怡可飘.pdf,1295273,ok,downloaded
1193,【产品说明书】RO-75X 怡可飘,文档,怡可飘 RO-75X _20220712180824271.pdf,ecowater/content/20220712/怡可飘 RO-75X _20220712180824271.pdf,RO-75X 怡可飘.pdf,24123002,ok,downloaded
1194,【产品说明书】ES201-G（适用燃气热水器）,文档,美妍ES201-G（适用燃气热水器）_20220713131202475.pdf,ecowater/content/20220713/美妍ES201-G（适用燃气热水器）_20220713131202475.pdf,ES201-G（适用燃气热水器）.pdf,2791347,ok,downloaded
1195,【产品说明书】ES202-E （适用电热水器）,文档,美妍ES202-E （适用电热水器）_20220713131526234.pdf,ecowater/content/20220713/美妍ES202-E （适用电热水器）_20220713131526234.pdf,ES202-E （适用电热水器）.pdf,2791347,ok,downloaded
1335,【产品说明书】200 Compact 软水机说明书,文档,4.6033788_200 Compact Owners' Manual REV B,ecowater/content/20250306/20250306160710/c1956a7e817412m7x2cs.pdf,200 Compact 软水机说明书.pdf,24159861,ok,downloaded
1336,【产品说明书】ECD100台式即热饮水机说明书,文档,,ecowater/content/20230104/20230104105125843.pdf,ECD100台式即热饮水机说明书.pdf,3355428,ok,downloaded
1337,【产品说明书】ERH201即热饮水机说明书,文档,,ecowater/content/20230104/20230104105207995.pdf,ERH201即热饮水机说明书.pdf,11230602,ok,downloaded
1338,【产品说明书】ERO151-3 152-3反渗透纯水机说明书,文档,,ecowater/content/20230104/20230104105312412.pdf,ERO151-3 152-3反渗透纯水机说明书.pdf,6729989,ok,downloaded
1339,【产品说明书】ERO615-3 ERO630-3反渗透纯水机说明书,文档,,ecowater/content/20230104/20230104105608373.pdf,ERO615-3 ERO630-3反渗透纯水机说明书.pdf,3783712,ok,downloaded
1340,【产品说明书】ESF08-M手动前置过滤器说明书,文档,,ecowater/content/20230104/20230104105653631.pdf,ESF08-M手动前置过滤器说明书.pdf,10964745,ok,downloaded
1341,【产品说明书】ESF105-M手动前置过滤器说明书,文档,,ecowater/content/20230104/20230104105803323.pdf,ESF105-M手动前置过滤器说明书.pdf,16802881,ok,downloaded
1342,【产品说明书】EWD600S 700S壁挂即热饮水机说明书,文档,,ecowater/content/20230104/20230104105922735.pdf,EWD600S 700S壁挂即热饮水机说明书.pdf,4528201,ok,downloaded
1343,【产品说明书】MG710WHF MG730HWF MG740WHF说明书云钻系列净水机,文档,11.6033772 MG710WHF MG730HWF MG740WHF Owner Manual,ecowater/content/20250306/20250306160130/q1956a79517412m7x25b.pdf,MG710WHF MG730HWF MG740WHF说明书云钻系列净水机.pdf,9189284,ok,downloaded
1344,【产品说明书】710WHF720WHF730WHF说明书云钻系列净水机,文档,10.6033771 710WHF720WHF730WHF Owner Manual,ecowater/content/20250306/20250306160202/i1956a79c17412m7x26h.pdf,710WHF720WHF730WHF说明书云钻系列净水机.pdf,4753136,ok,downloaded
1345,【产品说明书】710ECM 720ECM 730ECM说明书云钻系列软水机,文档,9.6033770 710ECM 720ECM 730ECM Owner Manual,ecowater/content/20250306/20250306160226/n1956a7a217412m7x26d.pdf,710ECM 720ECM 730ECM说明书云钻系列软水机.pdf,26532728,ok,downloaded
1514,【产品说明书】ERH201、ERH203型反渗透台式净饮机产品说明书,文档,ERH201、ERH203型反渗透台式净饮机产品说明书,ecowater/content/20230413/20230413154405281.pdf,ERH201、ERH203型反渗透台式净饮机产品说明书.pdf,11230474,ok,downloaded
1515,【产品说明书】ERO150-3反渗透直饮机用户手册,文档,ERO150-3反渗透直饮机用户手册,ecowater/content/20230413/20230413161909482.pdf,ERO150-3反渗透直饮机用户手册.pdf,6524292,ok,downloaded
1516,【产品说明书】ESF30-A、ESF31-A全自动前置过滤器用户手册,文档,ESF30-A、ESF31-A全自动前置过滤器用户手册,ecowater/content/20230413/20230413162135465.pdf,ESF30-A、ESF31-A全自动前置过滤器用户手册.pdf,27043110,ok,downloaded
1530,【产品说明书】ERO263-3反渗透纯水机产品说明书,文档,e30a8c1ab0de701f1857de86ba0cd6ec_9cf2d85cb871e590554134e34bbaeaf5_8,ecowater/content/20230519/20230519164251325.pdf,ERO263-3反渗透纯水机产品说明书.pdf,9748850,ok,downloaded
1563,【产品说明书】EWSH-商用直饮水机说明书,文档,,ecowater/content/20260122/20260122120232/d19be3de417690mkoxes.pdf,EWSH-商用直饮水机说明书.pdf,10764020,ok,downloaded
1564,【产品说明书】ERH-800型净热一体机,文档,怡口ERH-800型净热一体机,ecowater/content/20230620/20230620164739783.pdf,ERH-800型净热一体机.pdf,5317735,ok,downloaded
1617,【产品说明书】EWSH-100型反渗透直饮机,文档,怡口牌EWSH-100型反渗透直饮机3010018527_说明书_怡口,ecowater/content/20230731/20230731173928367.pdf,EWSH-100型反渗透直饮机.pdf,12085055,ok,downloaded
1678,【产品说明书】EWD501-WM怡口说明书,文档,EWD501-WM怡口说明书(1),ecowater/content/20231007/20231007171932/u18b096f516966lnftqd.pdf,EWD501-WM怡口说明书.pdf,9513284,ok,downloaded
2031,【产品说明书】ERO208-3 ERO218-3 owner manual,文档,ERO208-3 ERO218-3 owner manual 0912-改,ecowater/content/20240105/20240105111413/a18cd79d317044lr02bh.pdf,ERO208-3 ERO218-3 owner manual.pdf,3697417,ok,downloaded
2034,【产品说明书】ESFX-A型前置过滤器说明书,文档,ESFX-A型前置过滤器说明书,ecowater/content/20240112/20240112151618/s18cfc87517050lrab1p.pdf,ESFX-A型前置过滤器说明书.pdf,8874513,ok,downloaded
2132,【产品说明书】EWD500管线机,文档,EWD500管线机,ecowater/content/20240411/20240411102137/b18ecaf5e17128luum5z.pdf,EWD500管线机.pdf,2348161,ok,downloaded
2133,【产品说明书】ERO161-162 说明书重新排版 V23,文档,怡口ERO161-162 说明书重新排版 V23,ecowater/content/20240411/20240411102211/e18ecaf6617128luum5u.pdf,ERO161-162 说明书重新排版 V23.pdf,6020651,ok,downloaded
2163,【产品说明书】ESF100-M 说明书,文档,怡口 ESF100-M 说明书2023-12,ecowater/content/20240511/20240511105127/z18f6590017153lw1ifx.pdf,ESF100-M 说明书.pdf,12843996,ok,downloaded
2222,【产品说明书】6043706 EWSH-100E 商用直饮机说明书,文档,6043706 EWSH-100E 商用直饮机说明书,ecowater/content/20240701/20240701132413/u1906cc0317198ly2jcc.pdf,6043706 EWSH-100E 商用直饮机说明书.pdf,12866229,ok,downloaded
2223,【产品说明书】ERO615-3L、ERO630-3L说明书,文档,ERO615-3L、ERO630-3L说明书,ecowater/content/20240701/20240701132644/k1906cc2817198ly2jfu.pdf,ERO615-3L、ERO630-3L说明书.pdf,9956644,ok,downloaded
2224,【产品说明书】ERO208-3S、ERO218-3S说明书,文档,ERO208-3S、ERO218-3S说明书,ecowater/content/20240701/20240701132625/q1906cc2317198ly2jez.pdf,ERO208-3S、ERO218-3S说明书.pdf,11314789,ok,downloaded
2225,【产品说明书】ERO181_185-188-2 OWNERS MANUAL RevC,文档,ERO181_185-188-2 OWNERS MANUAL RevC,ecowater/content/20241029/20241029172701/m192d799917301m2u8uf.pdf,ERO181_185-188-2 OWNERS MANUAL RevC.pdf,5211295,ok,downloaded
2226,【产品说明书】ERH-803、ERH-1005型反渗透净热一体机,文档,ERH-803、ERH-1005型反渗透净热一体机,ecowater/content/20240701/20240701132526/s1906cc1517198ly2jdh.pdf,ERH-803、ERH-1005型反渗透净热一体机.pdf,5183014,ok,downloaded
2227,【产品说明书】ERH-801型反渗透净热一体机,文档,ERH-801净热一体机说明书 V10,ecowater/content/20240701/20240701132453/c1906cc0c17198ly2jcn.pdf,ERH-801型反渗透净热一体机.pdf,5098354,ok,downloaded
2266,【产品说明书】EPSF06-M、EPSF07-M型前置过滤器,文档,EPSF06-M、EPSF07-M型前置过滤器,ecowater/content/20240808/20240808102336/i1912fcc717230lzknmh.pdf,EPSF06-M、EPSF07-M型前置过滤器.pdf,2324857,ok,downloaded
2267,【产品说明书】EVOLUTION 100 Compact型软水机说明书,文档,12.6043715 100 Compact Owner Manual,ecowater/content/20250306/20250306145652/o1956a3e217412m7wzud.pdf,EVOLUTION 100 Compact型软水机说明书.pdf,23751161,ok,downloaded
2268,【产品说明书】EPSF101-A前置过滤器说明书,文档,EPSF101-A前置过滤器说明书,ecowater/content/20240808/20240808102735/t1912fd0217230lzknrb.pdf,EPSF101-A前置过滤器说明书.pdf,2059356,ok,downloaded
2354,【产品说明书】ERH-J10 ERH-J12火星说明书,文档,ERH-J10 ERH-J12火星说明书1210,ecowater/content/20241213/20241213153226/u193beeee17340m4mfki.pdf,ERH-J10 ERH-J12火星说明书.pdf,8600969,ok,downloaded
2489,【产品说明书】EWD300壁挂管线机说明书,文档,EWD300壁挂管线机说明书,ecowater/content/20241012/20241012152539/s1927f9e617287m25u0p.pdf,EWD300壁挂管线机说明书.pdf,4568077,ok,downloaded
2490,【产品说明书】ESF007-M前置说明书,文档,ESF007-M前置,ecowater/content/20241016/20241016111048/z192934e817290m2baoj.pdf,ESF007-M前置说明书.pdf,3373808,ok,downloaded
2491,【产品说明书】S80WHF/S81WHF/S82WHF/V80WHF/V81WHF/V82WHF型银钻系列净水机,文档,S&V WHF中央净系列Owner Manual (Ver.04),ecowater/content/20241016/20241016142313/c19293fea17290m2bhkk.pdf,S80WHF_S81WHF_S82WHF_V80WHF_V81WHF_V82WHF型银钻系列净水机.pdf,20654175,ok,downloaded
2492,【产品说明书】S80ECM/S81ECM/S82ECM/V80ECM/V81ECM/V82ECM型银钻系列怡口牌软水机,文档,S&V Softener软水机系列Owner Manual (Ver.04),ecowater/content/20241016/20241016142352/w19293ff417290m2bhkl.pdf,S80ECM_S81ECM_S82ECM_V80ECM_V81ECM_V82ECM型银钻系列怡口牌软水机.pdf,24359733,ok,downloaded
2519,【产品说明书】S&V WHF中央净系列Owner Manual (Ver.04,文档,S&V WHF中央净系列Owner Manual (Ver.04,ecowater/content/20241029/20241029110301/y192d63a017301m2tv4w.pdf,S&V WHF中央净系列Owner Manual (Ver.04).pdf,20654175,ok,downloaded
2520,【产品说明书】S&V Softener软水机系列Owner Manual (Ver.04),文档,S&V Softener软水机系列Owner Manual (Ver.04)(1),ecowater/content/20241029/20241029110324/i192d63a617301m2tv5s.pdf,S&V Softener软水机系列Owner Manual (Ver.04).pdf,24359733,ok,downloaded
2521,【产品说明书】EUF206-2型直饮净水机,文档,怡口牌EUF206-2型直饮净水机说明书-Rev B,ecowater/content/20250414/20250414164947/h196337d817446m9gu1l.pdf,EUF206-2型直饮净水机.pdf,13814747,ok,downloaded
2538,【产品说明书】ERO220-3 ERO270-3 Owner Manual,文档,ERO220-3 ERO270-3 Owner Manual,ecowater/content/20241111/20241111143059/o19319eb217313m3cnau.pdf,ERO220-3 ERO270-3 Owner Manual.pdf,10726112,ok,downloaded
2747,【产品说明书】EED-101嵌入式管线机说明书,文档,EED-101 说明书,ecowater/content/20250214/20250214164919/b19503a5e17395m74j2i.pdf,EED-101嵌入式管线机说明书.pdf,6481825,ok,downloaded
2750,【产品说明书】ERO161_162A OWNER'S MANUAL用户手册,文档,ERO161_162A OWNERS MANUALV2(1),ecowater/content/20250214/20250214165032/x19503a7017395m74j3j.pdf,ERO161_162A OWNER'S MANUAL用户手册.pdf,3607925,ok,downloaded
2798,【产品说明书】ERO175-2 OWNERS MANUAL,文档,6043762 ERO175-2 OWNERS MANUAL,ecowater/content/20250414/20250414164540/k1963379c17446m9gtwc.pdf,ERO175-2 OWNERS MANUAL.pdf,7650150,ok,downloaded
2799,【产品说明书】ESF01-M OWNERS MANUAL,文档,6043763 ESF01-M OWNERS MANUAL,ecowater/content/20250414/20250414165014/s196337df17446m9gu2h.pdf,ESF01-M OWNERS MANUAL.pdf,9015308,ok,downloaded
2826,【产品说明书】X20ECM X35ECM Owner Manual Rev A,文档,6043710 X20ECM X35ECM Owner Manual Rev A,ecowater/content/20250507/20250507153532/n196a9abd17466madmju.pdf,X20ECM X35ECM Owner Manual Rev A.pdf,14320376,ok,downloaded
2827,【产品说明书】MGX30WHF MGX45WHF Owner Manual Rev A,文档,6043711 MGX30WHF MGX45WHF Owner Manual Rev A,ecowater/content/20250507/20250507153949/r196a9afb17466madmof.pdf,MGX30WHF MGX45WHF Owner Manual Rev A.pdf,14660872,ok,downloaded
2872,【产品说明书】怡口厨下净热ERH-X10&ERH-X20说明书 V11,文档,怡口厨下净热ERH-X10&ERH-X20说明书 V12,ecowater/content/20250804/20250804123120/p1987359217542mdwm4w.pdf,怡口厨下净热ERH-X10&ERH-X20说明书 V11.pdf,6972437,ok,downloaded
2991,【产品说明书】EMF206-1 OWNERS MANUAL,文档,EMF206-1 OWNERS MANUAL,ecowater/content/20250701/20250701134410/k197c483a17513mck3rw.pdf,EMF206-1 OWNERS MANUAL.pdf,11049087,ok,downloaded
3044,前置ESF110/112-A产品说明书,文档,6043759 ESF110_112-A Owner manual,ecowater/content/20250716/20250716142402/t19811e7817526md5ksu.pdf,前置ESF110_112-A产品说明书.pdf,24033717,ok,downloaded
3091,【产品说明书】怡口牌ESF110_112-A Owner manual,文档,6043759 ESF110_112-A Owner manual,ecowater/content/20250729/20250729121807/d1985466e17537mdo10u.pdf,怡口牌ESF110_112-A Owner manual.pdf,23982830,ok,downloaded
3100,【产品说明书】前置ESF118_120-A Owner manual,文档,6043760 ESF118_120-A Owner manual,ecowater/content/20250804/20250804191611/q19874cbd17543mdx0li.pdf,前置ESF118_120-A Owner manual.pdf,20763721,ok,downloaded
3128,【产品说明书】ERHX10X20  OWNERS MANUAL REVB,文档,,ecowater/content/20260316/20260316130446/t19cf508417736mmspyc.pdf,ERHX10X20 OWNERS MANUAL REVB.pdf,3749009,ok,downloaded
3129,【产品说明书】EWD600S700S OWNERS MANUAL-250718,文档,EWD600S700S OWNERS MANUAL-250718,ecowater/content/20250820/20250820114452/f198c594617556mejfip.pdf,EWD600S700S OWNERS MANUAL-250718.pdf,9508973,ok,downloaded
3130,【产品说明书】S82WHF MANUAL工程款,文档,S82WHF MANUAL工程款,ecowater/content/20250820/20250820114619/g198c595b17556mejfkq.pdf,S82WHF MANUAL工程款.pdf,8671845,ok,downloaded
3131,【产品说明书】S82ECM MANUAL工程款,文档,S82ECM MANUAL工程款,ecowater/content/20250820/20250820114701/p198c596517556mejflq.pdf,S82ECM MANUAL工程款.pdf,25755817,ok,downloaded
3132,【产品说明书】ERO162C OWNERS MANUAL工程款,文档,ERO162C OWNERS MANUAL工程款,ecowater/content/20250820/20250820114836/f198c597c17556mejfnj.pdf,ERO162C OWNERS MANUAL工程款.pdf,2151475,ok,downloaded
3133,【产品说明书】EUF205-2 MANUAL(工程款）,文档,EUF205-2 MANUAL(工程款）,ecowater/content/20250820/20250820114904/d198c598317556mejfoa.pdf,EUF205-2 MANUAL(工程款）.pdf,15029826,ok,downloaded
3213,【产品说明书】前置ESFX-M Owner manual,文档,6043709_ESFX-M OWNERS MANUAL,ecowater/content/20251209/20251209151649/y19b01f8517652miy8ym.pdf,前置ESFX-M Owner manual.pdf,5947126,ok,downloaded
3226,【产品说明书】ERO195-2/ERO198-2型双出水净水机,文档,,ecowater/content/20260104/20260104233939/w19b89e0f17675mjzyie.pdf,ERO195-2_ERO198-2型双出水净水机.pdf,8840496,ok,downloaded
3303,【产品说明书】EROK01-3型双出水净水机,文档,,ecowater/content/20260225/20260225143309/r19c9380517720mm1nrc.pdf,EROK01-3型双出水净水机.pdf,13861112,ok,downloaded
3307,【产品说明书】ERHX10NX20N  OWNERS MANUAL,文档,,ecowater/content/20260316/20260316130524/w19cf508d17736mmspzf.pdf,ERHX10NX20N OWNERS MANUAL.pdf,16804258,ok,downloaded
3318,【产品说明书】ERO275-3型反渗透纯水机,文档,,ecowater/content/20260407/20260407165047/v19d6723117755mnodqp.pdf,ERO275-3型反渗透纯水机.pdf,11865744,ok,downloaded
3319,【产品说明书】ERH-110WH型反渗透净热一体机,文档,,ecowater/content/20260417/20260417133217/f19d99ecf17764mo2h1l.pdf,ERH-110WH型反渗透净热一体机.pdf,4252093,ok,downloaded
3370,【产品说明书】ERO220-3N/ERO270-3N型反渗透纯水机,文档,,ecowater/content/20260506/20260506172601/g19dfc9bc17780moturs.pdf,ERO220-3N_ERO270-3N型反渗透纯水机.pdf,12958484,ok,downloaded
3383,【产品说明书】 R15WHF 型净水机,文档,,ecowater/content/20260512/20260512153646/b19e1b1de17785mp2bha.pdf,R15WHF 型净水机.pdf,3869824,ok,downloaded
3384,【产品说明书】Q15REF软净一体机,文档,,ecowater/content/20260512/20260512160424/h19e1b37317785mp2chl.pdf,Q15REF软净一体机.pdf,13927290,ok,downloaded
3385,【产品说明书】R15ECM 型软水机,文档,,ecowater/content/20260512/20260512160528/f19e1b38317785mp2civ.pdf,R15ECM 型软水机.pdf,4378484,ok,downloaded
