型号,产品名称,产品类型,系列,产品组件,开箱配件/装箱清单,组件抽取状态,组件来源关键词,配件抽取状态,配件来源关键词,来源PDF,PDF链接,型号重复次数,组件来源片段,配件来源片段
200,200 Compact 软水机说明书,软水机,软水机,"原水—>阳离子交换树脂（自动再生反冲）一>软水
软水
市政进水
盐阀
阀体
树脂罐
吸盐阀
树脂
（图1）
型号
200
Compact
聚甲醛进出
水控制阀
1套
聚乙烯内衬
玻璃钢桶
¢203X483mm
1个
聚乙烯
中心管
1根
丙烯腈-丁二烯-苯乙
烯共聚物布水器
钠型阳离子
|聚乙烯
交换树脂
盐箱
11L
外形尺寸",组装和安装所需小零件/零配件袋,found,结构示意图,found,开箱,200 Compact 软水机说明书.pdf,../200 Compact 软水机说明书.pdf,2,"原水—>阳离子交换树脂（自动再生反冲）一>软水 软水 市政进水 盐阀 、阀体 J 树脂罐 吸盐阀 树脂 （图1） 型号 200 Compact 型 聚甲醛进出 水控制阀 1套 聚乙烯内衬 玻璃钢桶 ¢203X483mm 1个 聚乙烯 中心管 1根 丙烯腈-丁二烯-苯乙 烯共聚物布水器 1套 钠型阳离子 |聚乙烯 交换树脂 盐箱 11L 1个 3 外形尺寸 F9OWATER 外形尺寸 -43cm 上入 8.6 cm 32.5 cm 型号 200 Compact 标称树脂箱尺寸 直径8""x19"" 顶视图 入-出 68",及安装 FCOWATER 1. 开箱 怡口 200Compact 软水机出厂时采用纸箱包装。 纸箱内还包括一袋组装和安装软水机所需的小零件和本 说明书。 请仔细检查怡口软水机，确认是否存在运输损坏或 零件遗失问题。还应检查装运箱是否损坏。如损坏，请 联系运输公司。 对于运输过程中产生的损坏，怡口公司概不负责。 拆除并丢弃（再循环）所有包装材料。我们建议您 在使用之前妥善保存袋子中的小零件。 2.
200,200 Compact 黑钻系列,其他,黑钻系列,"原水—>阳离子交换树脂（自动再生反冲）一>软水
软水
市政进水
盐阀
阀体
树脂罐
吸盐阀
树脂
（图1）
型号
200
Compact
聚甲醛进出
水控制阀
1套
聚乙烯内衬
玻璃钢桶
¢203X483mm
1个
聚乙烯
中心管
1根
丙烯腈-丁二烯-苯乙
烯共聚物布水器
钠型阳离子
|聚乙烯
交换树脂
盐箱
11L
外形尺寸",组装和安装所需小零件/零配件袋,found,结构示意图,found,开箱,200 Compact 黑钻系列.pdf,../200 Compact 黑钻系列.pdf,2,"原水—>阳离子交换树脂（自动再生反冲）一>软水 软水 市政进水 盐阀 、阀体 J 树脂罐 吸盐阀 树脂 （图1） 型号 200 Compact 型 聚甲醛进出 水控制阀 1套 聚乙烯内衬 玻璃钢桶 ¢203X483mm 1个 聚乙烯 中心管 1根 丙烯腈-丁二烯-苯乙 烯共聚物布水器 1套 钠型阳离子 |聚乙烯 交换树脂 盐箱 11L 1个 3 外形尺寸 F9OWATER 外形尺寸 -43cm 上入 8.6 cm 32.5 cm 型号 200 Compact 标称树脂箱尺寸 直径8""x19"" 顶视图 入-出 68",及安装 FCOWATER 1. 开箱 怡口 200Compact 软水机出厂时采用纸箱包装。 纸箱内还包括一袋组装和安装软水机所需的小零件和本 说明书。 请仔细检查怡口软水机，确认是否存在运输损坏或 零件遗失问题。还应检查装运箱是否损坏。如损坏，请 联系运输公司。 对于运输过程中产生的损坏，怡口公司概不负责。 拆除并丢弃（再循环）所有包装材料。我们建议您 在使用之前妥善保存袋子中的小零件。 2.
300,300 Boost 黑钻系列,其他,黑钻系列,未在可识别正文中找到明确产品组件清单,未在可识别正文中找到明确开箱配件或装箱清单,not_found,,not_found,,300 Boost 黑钻系列.pdf,../300 Boost 黑钻系列.pdf,1,,
500,500 Power 黑钻系列,其他,黑钻系列,"软水
市政进水
阀体
树脂罐吸盐阀
盐阀
树脂
型号
聚甲醛进出
水控制阀
聚乙烯内衬
玻璃钢桶
聚乙烯
中心管
丙烯腈-丁二烯-苯乙
烯共聚物布水器
钠型阳离子
交换树脂
盐箱
10L
15L
25L
φ203X483mm
1个
φ203X635mm
φ254X889mm
1套
1根
EVOLUTION
200
Compact",未在可识别正文中找到明确开箱配件或装箱清单,found,结构示意图,not_found,,500 Power 黑钻系列.pdf,../500 Power 黑钻系列.pdf,1,软水 市政进水 阀体 树脂罐吸盐阀 盐阀 树脂 型号 聚甲醛进出 水控制阀 聚乙烯内衬 玻璃钢桶 聚乙烯 中心管 丙烯腈-丁二烯-苯乙 烯共聚物布水器 钠型阳离子 交换树脂 聚乙烯 盐箱 10L 15L 25L φ203X483mm 1个 φ203X635mm 1个 φ254X889mm 1个 1套 1套 1套 1套 1套 1套 1根 1根 1根 1个 1个 1个 EVOLUTION 200 Compact 型 EVOLUTION 300 Boost 型 EVOLUTION 500 Power 型 4 EVOLUT,
EWSH-100E,6043706 EWSH-100E 商用直饮机说明书,商用直饮,商用直饮,未在可识别正文中找到明确产品组件清单,未在可识别正文中找到明确开箱配件或装箱清单,not_found,,not_found,,6043706 EWSH-100E 商用直饮机说明书.pdf,../6043706 EWSH-100E 商用直饮机说明书.pdf,1,,
EWSH100E,6043706 EWSH-100E 商用直饮机说明书,商用直饮,商用直饮,未在可识别正文中找到明确产品组件清单,未在可识别正文中找到明确开箱配件或装箱清单,not_found,,not_found,,6043706 EWSH-100E 商用直饮机说明书.pdf,../6043706 EWSH-100E 商用直饮机说明书.pdf,1,,
609ECM,609ECM 轻柔标准型,软水机,轻柔,未在可识别正文中找到明确产品组件清单,未在可识别正文中找到明确开箱配件或装箱清单,not_found,,not_found,,609ECM 轻柔标准型.pdf,../609ECM 轻柔标准型.pdf,1,,
610WHF,610WHF 净雅标准型,复合/中央净水,净雅,"ඣ 出水 市政进水 阀体 不锈钢过滤网组件 中心管 颗粒活性炭 石英砂 布水器 4 三、产品功能 工作过程 在正常工作状态下，水进入中央净水机，经过多种滤料来去除原水中的异味和污物...
本净水机无法处理为达到安全使用标准和水质不明的水源并使其达到饮用标准
中央净水机可能无法处理含有硫化氢（臭鸡蛋气味）的水源
中央净水机不能去除水中的铁离子，因此不能代替除铁设备
尽管中央净水机有过滤沉淀物的功能，但在处理某些问题水源时，仍需进行进一步去除颗粒污 染物。 主要成份或部件 610WHF 型 618WHF 型 聚丙烯进出水控制阀 1 套 1 套...",未在可识别正文中找到明确开箱配件或装箱清单,found,结构示意图,not_found,,610WHF 净雅标准型.pdf,../610WHF 净雅标准型.pdf,1,ඣ 出水 市政进水 阀体 不锈钢过滤网组件 中心管 颗粒活性炭 石英砂 布水器 4 三、产品功能 工作过程 在正常工作状态下，水进入中央净水机，经过多种滤料来去除原水中的异味和污物。 清洗过程 清洗流程会根据预先设定的时间自动启动。反冲洗水流将冲洗滤料，在对其进行冲洗后重新压实以 供继续使用。在清洗阶段，中央净水机内沉积的污垢和异物等都会被冲洗掉并从排水口排出。 适用范围 1. 本净水机无法处理为达到安全使用标准和水质不明的水源并使其达到饮用标准。 2. 中央净水机可能无法处理含有硫化氢（臭鸡蛋气味）的水源。 3.,
611ECM,611ECM 轻柔增强型,软水机,轻柔,未在可识别正文中找到明确产品组件清单,未在可识别正文中找到明确开箱配件或装箱清单,not_found,,not_found,,611ECM 轻柔增强型.pdf,../611ECM 轻柔增强型.pdf,1,,
615ECM,615ECM 轻柔豪华型,软水机,轻柔,未在可识别正文中找到明确产品组件清单,未在可识别正文中找到明确开箱配件或装箱清单,not_found,,not_found,,615ECM 轻柔豪华型.pdf,../615ECM 轻柔豪华型.pdf,1,,
618WHF,618WHF 净雅增强型,复合/中央净水,净雅,未在可识别正文中找到明确产品组件清单,未在可识别正文中找到明确开箱配件或装箱清单,not_found,,not_found,,618WHF 净雅增强型.pdf,../618WHF 净雅增强型.pdf,1,,
710ECM,710ECM 720ECM 730ECM说明书云钻系列软水机,软水机,云钻系列,"软水
市政进水
盐阀
阀体
吸盐阀
树脂罐
树脂
30","及安装 F9OWATER 二、开箱及安装 1．加装阀门 在软水机进水前的供水管道上加装阀门，方便在必要的时候切断通向软水机的水源
关闭通向热水器的电源和气源
打开房屋最高和最低的两个水龙头，将管路中剩余的水排掉，然后关上水龙头
打开包装箱，并去除软水机内部的所有包装材料
将标配旁通阀安装在机器上。注意出水口配有流量轮和感应器。卡接式管件的安装非常方便，只調 要将管接头插到位，然后用卡夹卡紧，管件就不会脱落
将软水机移动到安装地点，放置在一个光滑的水平面上，必要时可在下面垫一块 2cm 的木板（木板 大小须略大于盐箱底面）。如有需要，可在木板下方加垫支撑物来达到平稳
将进出水管与房屋管路相连接。 • 注意将未经处理进水（自来水）连接在标有 “Inlet”的一端，将出水（软水）管与标有 “Outlet” 的一端相连接。 • 如果未使用标配旁通阀...
连接阀头排水软管（见图 3）： • 将标配（内径为7/16""）的排水软管插入阀头上的排水口，并用卡子将其固定。 • 另一端接到地漏（注意留有 4cm 的空隙以防止虹吸）。 • 妥善...
系统单位（System units）：标准情况下请选择公制（Metric）.如 果已经有一个黑点在所需系统单位旁边（见图4），则直接进 入步骤2。否则，按向下键（V）或者向上键（A...
按选择键（◎）
进水硬度（Hardness） ，按向上键（A）或者向下键（V）来设 置水的硬度值（见图6）。 注意：不要通过增加硬度设置值来补偿水中的铁离子含量。在以 下步骤中，可设置铁离子含量...
盐位（Salt level）按向上键（A）或者向下键（V）来设置盐 位（见图7）。盐位应该达到在盐罐的盐水井贴膜上能够看见 的最低数字（仅适用于710ECM）
按选择键（◎）。 9.铁离子含量（Iron level）按向上键（A）或者向下键（V）来 设置水的铁离子水平值（见图8）。转换系数为：每1个PPM 的铁离子为3格令
按选择（◎）键，则屏幕将显示“设置完成！”（Setup complete）（见图 9）
如果您在该点想要返回并变更数据，则按向下键（V）滚动 到重新设置（Redo setup），然后再按选择键（◎）两次，重 复操作这六个“向导”屏幕
如果不需要做出变更，则确认有一个黑点在运行软水机 （Run softener）旁边（见图9），按选择（◎）键，软水机开始正常 运行。 5 F9OWATE System units...",found,结构示意图,found,开箱,710ECM 720ECM 730ECM说明书云钻系列软水机.pdf,../710ECM 720ECM 730ECM说明书云钻系列软水机.pdf,1,"软水 市政进水 盐阀 阀体 吸盐阀 树脂罐 树脂 30 维护知识 尺寸及规格 86 Four 431 - 辭 亻 308 仁 F9OWATER 431 308 EN 86 Four N OUT口 A Jourg A 型号 710ECM 720ECM 730ECM 标称树脂箱尺寸 直径9""x14"" 直径8""×19"" 直径8""x25"" 主要成分或部件 型号 进出水 控制阀 PE内衬玻璃钢桶 材质玻璃缸 （内置PE内胆） 710ECM 材质：ABS 1套 720ECM 材质：ABS 1套 730ECM 材质：ABS 1套",及安装 F9OWATER 二、开箱及安装 1．加装阀门 在软水机进水前的供水管道上加装阀门，方便在必要的时候切断通向软水机的水源。 2. 关闭通向热水器的电源和气源。 3. 打开房屋最高和最低的两个水龙头，将管路中剩余的水排掉，然后关上水龙头。 4. 打开包装箱，并去除软水机内部的所有包装材料。 5. 将标配旁通阀安装在机器上。注意出水口配有流量轮和感应器。卡接式管件的安装非常方便，只調 要将管接头插到位，然后用卡夹卡紧，管件就不会脱落。 6. 将软水机移动到安装地点，放置在一个光滑的水平面上，必要时可在下面垫一块
720ECM,710ECM 720ECM 730ECM说明书云钻系列软水机,软水机,云钻系列,"软水
市政进水
盐阀
阀体
吸盐阀
树脂罐
树脂
30","及安装 F9OWATER 二、开箱及安装 1．加装阀门 在软水机进水前的供水管道上加装阀门，方便在必要的时候切断通向软水机的水源
关闭通向热水器的电源和气源
打开房屋最高和最低的两个水龙头，将管路中剩余的水排掉，然后关上水龙头
打开包装箱，并去除软水机内部的所有包装材料
将标配旁通阀安装在机器上。注意出水口配有流量轮和感应器。卡接式管件的安装非常方便，只調 要将管接头插到位，然后用卡夹卡紧，管件就不会脱落
将软水机移动到安装地点，放置在一个光滑的水平面上，必要时可在下面垫一块 2cm 的木板（木板 大小须略大于盐箱底面）。如有需要，可在木板下方加垫支撑物来达到平稳
将进出水管与房屋管路相连接。 • 注意将未经处理进水（自来水）连接在标有 “Inlet”的一端，将出水（软水）管与标有 “Outlet” 的一端相连接。 • 如果未使用标配旁通阀...
连接阀头排水软管（见图 3）： • 将标配（内径为7/16""）的排水软管插入阀头上的排水口，并用卡子将其固定。 • 另一端接到地漏（注意留有 4cm 的空隙以防止虹吸）。 • 妥善...
系统单位（System units）：标准情况下请选择公制（Metric）.如 果已经有一个黑点在所需系统单位旁边（见图4），则直接进 入步骤2。否则，按向下键（V）或者向上键（A...
按选择键（◎）
进水硬度（Hardness） ，按向上键（A）或者向下键（V）来设 置水的硬度值（见图6）。 注意：不要通过增加硬度设置值来补偿水中的铁离子含量。在以 下步骤中，可设置铁离子含量...
盐位（Salt level）按向上键（A）或者向下键（V）来设置盐 位（见图7）。盐位应该达到在盐罐的盐水井贴膜上能够看见 的最低数字（仅适用于710ECM）
按选择键（◎）。 9.铁离子含量（Iron level）按向上键（A）或者向下键（V）来 设置水的铁离子水平值（见图8）。转换系数为：每1个PPM 的铁离子为3格令
按选择（◎）键，则屏幕将显示“设置完成！”（Setup complete）（见图 9）
如果您在该点想要返回并变更数据，则按向下键（V）滚动 到重新设置（Redo setup），然后再按选择键（◎）两次，重 复操作这六个“向导”屏幕
如果不需要做出变更，则确认有一个黑点在运行软水机 （Run softener）旁边（见图9），按选择（◎）键，软水机开始正常 运行。 5 F9OWATE System units...",found,结构示意图,found,开箱,710ECM 720ECM 730ECM说明书云钻系列软水机.pdf,../710ECM 720ECM 730ECM说明书云钻系列软水机.pdf,1,"软水 市政进水 盐阀 阀体 吸盐阀 树脂罐 树脂 30 维护知识 尺寸及规格 86 Four 431 - 辭 亻 308 仁 F9OWATER 431 308 EN 86 Four N OUT口 A Jourg A 型号 710ECM 720ECM 730ECM 标称树脂箱尺寸 直径9""x14"" 直径8""×19"" 直径8""x25"" 主要成分或部件 型号 进出水 控制阀 PE内衬玻璃钢桶 材质玻璃缸 （内置PE内胆） 710ECM 材质：ABS 1套 720ECM 材质：ABS 1套 730ECM 材质：ABS 1套",及安装 F9OWATER 二、开箱及安装 1．加装阀门 在软水机进水前的供水管道上加装阀门，方便在必要的时候切断通向软水机的水源。 2. 关闭通向热水器的电源和气源。 3. 打开房屋最高和最低的两个水龙头，将管路中剩余的水排掉，然后关上水龙头。 4. 打开包装箱，并去除软水机内部的所有包装材料。 5. 将标配旁通阀安装在机器上。注意出水口配有流量轮和感应器。卡接式管件的安装非常方便，只調 要将管接头插到位，然后用卡夹卡紧，管件就不会脱落。 6. 将软水机移动到安装地点，放置在一个光滑的水平面上，必要时可在下面垫一块
730ECM,710ECM 720ECM 730ECM说明书云钻系列软水机,软水机,云钻系列,"软水
市政进水
盐阀
阀体
吸盐阀
树脂罐
树脂
30","及安装 F9OWATER 二、开箱及安装 1．加装阀门 在软水机进水前的供水管道上加装阀门，方便在必要的时候切断通向软水机的水源
关闭通向热水器的电源和气源
打开房屋最高和最低的两个水龙头，将管路中剩余的水排掉，然后关上水龙头
打开包装箱，并去除软水机内部的所有包装材料
将标配旁通阀安装在机器上。注意出水口配有流量轮和感应器。卡接式管件的安装非常方便，只調 要将管接头插到位，然后用卡夹卡紧，管件就不会脱落
将软水机移动到安装地点，放置在一个光滑的水平面上，必要时可在下面垫一块 2cm 的木板（木板 大小须略大于盐箱底面）。如有需要，可在木板下方加垫支撑物来达到平稳
将进出水管与房屋管路相连接。 • 注意将未经处理进水（自来水）连接在标有 “Inlet”的一端，将出水（软水）管与标有 “Outlet” 的一端相连接。 • 如果未使用标配旁通阀...
连接阀头排水软管（见图 3）： • 将标配（内径为7/16""）的排水软管插入阀头上的排水口，并用卡子将其固定。 • 另一端接到地漏（注意留有 4cm 的空隙以防止虹吸）。 • 妥善...
系统单位（System units）：标准情况下请选择公制（Metric）.如 果已经有一个黑点在所需系统单位旁边（见图4），则直接进 入步骤2。否则，按向下键（V）或者向上键（A...
按选择键（◎）
进水硬度（Hardness） ，按向上键（A）或者向下键（V）来设 置水的硬度值（见图6）。 注意：不要通过增加硬度设置值来补偿水中的铁离子含量。在以 下步骤中，可设置铁离子含量...
盐位（Salt level）按向上键（A）或者向下键（V）来设置盐 位（见图7）。盐位应该达到在盐罐的盐水井贴膜上能够看见 的最低数字（仅适用于710ECM）
按选择键（◎）。 9.铁离子含量（Iron level）按向上键（A）或者向下键（V）来 设置水的铁离子水平值（见图8）。转换系数为：每1个PPM 的铁离子为3格令
按选择（◎）键，则屏幕将显示“设置完成！”（Setup complete）（见图 9）
如果您在该点想要返回并变更数据，则按向下键（V）滚动 到重新设置（Redo setup），然后再按选择键（◎）两次，重 复操作这六个“向导”屏幕
如果不需要做出变更，则确认有一个黑点在运行软水机 （Run softener）旁边（见图9），按选择（◎）键，软水机开始正常 运行。 5 F9OWATE System units...",found,结构示意图,found,开箱,710ECM 720ECM 730ECM说明书云钻系列软水机.pdf,../710ECM 720ECM 730ECM说明书云钻系列软水机.pdf,1,"软水 市政进水 盐阀 阀体 吸盐阀 树脂罐 树脂 30 维护知识 尺寸及规格 86 Four 431 - 辭 亻 308 仁 F9OWATER 431 308 EN 86 Four N OUT口 A Jourg A 型号 710ECM 720ECM 730ECM 标称树脂箱尺寸 直径9""x14"" 直径8""×19"" 直径8""x25"" 主要成分或部件 型号 进出水 控制阀 PE内衬玻璃钢桶 材质玻璃缸 （内置PE内胆） 710ECM 材质：ABS 1套 720ECM 材质：ABS 1套 730ECM 材质：ABS 1套",及安装 F9OWATER 二、开箱及安装 1．加装阀门 在软水机进水前的供水管道上加装阀门，方便在必要的时候切断通向软水机的水源。 2. 关闭通向热水器的电源和气源。 3. 打开房屋最高和最低的两个水龙头，将管路中剩余的水排掉，然后关上水龙头。 4. 打开包装箱，并去除软水机内部的所有包装材料。 5. 将标配旁通阀安装在机器上。注意出水口配有流量轮和感应器。卡接式管件的安装非常方便，只調 要将管接头插到位，然后用卡夹卡紧，管件就不会脱落。 6. 将软水机移动到安装地点，放置在一个光滑的水平面上，必要时可在下面垫一块
710WHF,710WHF720WHF730WHF说明书云钻系列净水机,复合/中央净水,云钻系列,"市政自来水—
不锈钢过滤网组件—
颗粒活性炭＋石英砂（自动反冲）—
净化水
出水
市政进水
阀体
不锈钢过滤网組件
—中心管
颗粒活性炭
一石英砂
布水器
产品介绍
主要成分或部件
型号
丙烯腈-丁二烯
苯乙烯共聚物
（ABS）进出水
控制阀
710WHF
1套
720WHF
730WHF
不锈钢过
滤网组件
聚乙烯（PE）
孔径：40目
内衬玻璃钢桶
直径：229mm
高度：356mm",未在可识别正文中找到明确开箱配件或装箱清单,found,结构示意图,not_found,,710WHF720WHF730WHF说明书云钻系列净水机.pdf,../710WHF720WHF730WHF说明书云钻系列净水机.pdf,1,市政自来水— 不锈钢过滤网组件— 颗粒活性炭＋石英砂（自动反冲）— 净化水 出水 市政进水 阀体 不锈钢过滤网組件 —中心管 — 颗粒活性炭 一石英砂 布水器 3 产品介绍 三、主要成分或部件 型号 丙烯腈-丁二烯 -苯乙烯共聚物 （ABS）进出水 控制阀 710WHF 1套 F9OWATER 720WHF 1套 730WHF 1套 不锈钢过 滤网组件 聚乙烯（PE） 孔径：40目 内衬玻璃钢桶 1套 1套 1套 直径：229mm 高度：356mm 1只 直径：203mm 高度：483mm 1只 直径：203mm,
720WHF,710WHF720WHF730WHF说明书云钻系列净水机,复合/中央净水,云钻系列,"市政自来水—
不锈钢过滤网组件—
颗粒活性炭＋石英砂（自动反冲）—
净化水
出水
市政进水
阀体
不锈钢过滤网組件
—中心管
颗粒活性炭
一石英砂
布水器
产品介绍
主要成分或部件
型号
丙烯腈-丁二烯
苯乙烯共聚物
（ABS）进出水
控制阀
710WHF
1套
720WHF
730WHF
不锈钢过
滤网组件
聚乙烯（PE）
孔径：40目
内衬玻璃钢桶
直径：229mm
高度：356mm",未在可识别正文中找到明确开箱配件或装箱清单,found,结构示意图,not_found,,710WHF720WHF730WHF说明书云钻系列净水机.pdf,../710WHF720WHF730WHF说明书云钻系列净水机.pdf,1,市政自来水— 不锈钢过滤网组件— 颗粒活性炭＋石英砂（自动反冲）— 净化水 出水 市政进水 阀体 不锈钢过滤网組件 —中心管 — 颗粒活性炭 一石英砂 布水器 3 产品介绍 三、主要成分或部件 型号 丙烯腈-丁二烯 -苯乙烯共聚物 （ABS）进出水 控制阀 710WHF 1套 F9OWATER 720WHF 1套 730WHF 1套 不锈钢过 滤网组件 聚乙烯（PE） 孔径：40目 内衬玻璃钢桶 1套 1套 1套 直径：229mm 高度：356mm 1只 直径：203mm 高度：483mm 1只 直径：203mm,
730WHF,710WHF720WHF730WHF说明书云钻系列净水机,复合/中央净水,云钻系列,"市政自来水—
不锈钢过滤网组件—
颗粒活性炭＋石英砂（自动反冲）—
净化水
出水
市政进水
阀体
不锈钢过滤网組件
—中心管
颗粒活性炭
一石英砂
布水器
产品介绍
主要成分或部件
型号
丙烯腈-丁二烯
苯乙烯共聚物
（ABS）进出水
控制阀
710WHF
1套
720WHF
730WHF
不锈钢过
滤网组件
聚乙烯（PE）
孔径：40目
内衬玻璃钢桶
直径：229mm
高度：356mm",未在可识别正文中找到明确开箱配件或装箱清单,found,结构示意图,not_found,,710WHF720WHF730WHF说明书云钻系列净水机.pdf,../710WHF720WHF730WHF说明书云钻系列净水机.pdf,1,市政自来水— 不锈钢过滤网组件— 颗粒活性炭＋石英砂（自动反冲）— 净化水 出水 市政进水 阀体 不锈钢过滤网組件 —中心管 — 颗粒活性炭 一石英砂 布水器 3 产品介绍 三、主要成分或部件 型号 丙烯腈-丁二烯 -苯乙烯共聚物 （ABS）进出水 控制阀 710WHF 1套 F9OWATER 720WHF 1套 730WHF 1套 不锈钢过 滤网组件 聚乙烯（PE） 孔径：40目 内衬玻璃钢桶 1套 1套 1套 直径：229mm 高度：356mm 1只 直径：203mm 高度：483mm 1只 直径：203mm,
800,800 FFDC 清饮智能宝,其他,清饮,未在可识别正文中找到明确产品组件清单,未在可识别正文中找到明确开箱配件或装箱清单,not_found,,not_found,,800 FFDC 清饮智能宝.pdf,../800 FFDC 清饮智能宝.pdf,1,,
800APRO,800APRO Plus 纯饮特供机型＋,反渗透净水机,纯饮,未在可识别正文中找到明确产品组件清单,未在可识别正文中找到明确开箱配件或装箱清单,not_found,,not_found,,800APRO Plus 纯饮特供机型＋.pdf,../800APRO Plus 纯饮特供机型＋.pdf,1,,
800CPRO,800CPRO 纯饮滢泉宝,反渗透净水机,纯饮,未在可识别正文中找到明确产品组件清单,未在可识别正文中找到明确开箱配件或装箱清单,not_found,,not_found,,800CPRO 纯饮滢泉宝.pdf,../800CPRO 纯饮滢泉宝.pdf,1,,
800F1DC,800F1DC Plus 清饮超能宝,其他,清饮,未在可识别正文中找到明确产品组件清单,未在可识别正文中找到明确开箱配件或装箱清单,not_found,,not_found,,800F1DC Plus 清饮超能宝.pdf,../800F1DC Plus 清饮超能宝.pdf,1,,
800GPRO,800GPRO Plus 纯饮净泉宝+,反渗透净水机,纯饮,未在可识别正文中找到明确产品组件清单,未在可识别正文中找到明确开箱配件或装箱清单,not_found,,not_found,,800GPRO Plus 纯饮净泉宝+.pdf,../800GPRO Plus 纯饮净泉宝+.pdf,2,,
800GPRO,800GPRO 纯饮净泉宝,反渗透净水机,纯饮,未在可识别正文中找到明确产品组件清单,未在可识别正文中找到明确开箱配件或装箱清单,not_found,,not_found,,800GPRO 纯饮净泉宝.pdf,../800GPRO 纯饮净泉宝.pdf,2,,
800GPRO-E,800GPRO-E 纯饮净泉宝加强型,反渗透净水机,纯饮,未在可识别正文中找到明确产品组件清单,未在可识别正文中找到明确开箱配件或装箱清单,not_found,,not_found,,800GPRO-E 纯饮净泉宝加强型.pdf,../800GPRO-E 纯饮净泉宝加强型.pdf,1,,
800HPRO,800HPRO Plus 纯饮清泉宝+,反渗透净水机,纯饮,未在可识别正文中找到明确产品组件清单,未在可识别正文中找到明确开箱配件或装箱清单,not_found,,not_found,,800HPRO Plus 纯饮清泉宝+.pdf,../800HPRO Plus 纯饮清泉宝+.pdf,1,,
800HPRO-E,800HPRO-E Plus 纯饮甘泉宝+,反渗透净水机,纯饮,未在可识别正文中找到明确产品组件清单,未在可识别正文中找到明确开箱配件或装箱清单,not_found,,not_found,,800HPRO-E Plus 纯饮甘泉宝+.pdf,../800HPRO-E Plus 纯饮甘泉宝+.pdf,1,,
800SPRO,800SPRO 纯饮慧泉宝,反渗透净水机,纯饮,未在可识别正文中找到明确产品组件清单,未在可识别正文中找到明确开箱配件或装箱清单,not_found,,not_found,,800SPRO 纯饮慧泉宝.pdf,../800SPRO 纯饮慧泉宝.pdf,1,,
818ECD,818ECD 智柔标准型,其他,智柔,"原水
阳离子交换树脂（自动再生反冲）
软水
产品介绍
市政进水
阀体
树脂罐吸盐阀
盐箱
树脂
安装指导
典型安装图
变压器
去控制器
进水口
进水阀
出水阀
主管道
3阀旁通
排污管
约4cm气隙
约4cm气隙排污管应稳妥固定
自来水
主水管
出水口
出水口变压器
旁通阀
4cm
气隙
地漏
排污管应稳妥固定",未在可识别正文中找到明确开箱配件或装箱清单,found,结构示意图,not_found,,818ECD 智柔标准型.pdf,../818ECD 智柔标准型.pdf,1,原水 阳离子交换树脂（自动再生反冲） 软水 产品介绍 软水 市政进水 阀体 树脂罐吸盐阀 盐箱 树脂 4 安装指导 典型安装图 变压器 去控制器 进水口 进水口 进水阀 出水阀 主管道 3阀旁通 排污管 约4cm气隙 约4cm气隙排污管应稳妥固定 去控制器 水 排污管 自来水 自来水 主水管 软水 接 出水口 出水口变压器 排污管 旁通阀 排污管 约 4cm 气隙 约 4cm 气隙 地漏 地漏 排污管应稳妥固定 图 1 盐箱溢流管 盐箱溢流管 去控制器 去控制器 旁通阀 主管道 出水阀 进水阀 3 阀旁通 进水口,
820,820 VC 安饮功能加强型,复合/中央净水,安饮,未在可识别正文中找到明确产品组件清单,未在可识别正文中找到明确开箱配件或装箱清单,not_found,,not_found,,820 VC 安饮功能加强型.pdf,../820 VC 安饮功能加强型.pdf,1,,
825ECD,825ECD 智柔增强型,其他,智柔,"原水
阳离子交换树脂（自动再生反冲）
软水
产品介绍
市政进水
阀体
树脂罐吸盐阀
盐箱
树脂
安装指导
典型安装图
变压器
去控制器
进水口
进水阀
出水阀
主管道
3阀旁通
排污管
约4cm气隙
约4cm气隙排污管应稳妥固定
自来水
主水管
出水口
出水口变压器
旁通阀
4cm
气隙
地漏
排污管应稳妥固定",未在可识别正文中找到明确开箱配件或装箱清单,found,结构示意图,not_found,,825ECD 智柔增强型.pdf,../825ECD 智柔增强型.pdf,1,原水 阳离子交换树脂（自动再生反冲） 软水 产品介绍 软水 市政进水 阀体 树脂罐吸盐阀 盐箱 树脂 4 安装指导 典型安装图 变压器 去控制器 进水口 进水口 进水阀 出水阀 主管道 3阀旁通 排污管 约4cm气隙 约4cm气隙排污管应稳妥固定 去控制器 水 排污管 自来水 自来水 主水管 软水 接 出水口 出水口变压器 排污管 旁通阀 排污管 约 4cm 气隙 约 4cm 气隙 地漏 地漏 排污管应稳妥固定 图 1 盐箱溢流管 盐箱溢流管 去控制器 去控制器 旁通阀 主管道 出水阀 进水阀 3 阀旁通 进水口,
830VC,830VC Plus 清饮功能加强型,其他,清饮,未在可识别正文中找到明确产品组件清单,未在可识别正文中找到明确开箱配件或装箱清单,not_found,,not_found,,830VC Plus 清饮功能加强型.pdf,../830VC Plus 清饮功能加强型.pdf,2,,
830VC,830VC 清饮功能标准型,其他,清饮,未在可识别正文中找到明确产品组件清单,未在可识别正文中找到明确开箱配件或装箱清单,not_found,,not_found,,830VC 清饮功能标准型.pdf,../830VC 清饮功能标准型.pdf,2,,
918ECM,918ECM 润柔标准型,软水机,润柔,未在可识别正文中找到明确产品组件清单,未在可识别正文中找到明确开箱配件或装箱清单,not_found,,not_found,,918ECM 润柔标准型.pdf,../918ECM 润柔标准型.pdf,1,,
925ECM,925ECM 润柔增强型,软水机,润柔,未在可识别正文中找到明确产品组件清单,未在可识别正文中找到明确开箱配件或装箱清单,not_found,,not_found,,925ECM 润柔增强型.pdf,../925ECM 润柔增强型.pdf,1,,
CES-150E,CES-150E 双温典雅型,其他,其他,"一自动断水阀 进水一「 世水一 活性炭折叠膜滤芯 CES-150E/P 4 安装提示 F9OWATER 安装提示 一．安装环境
不要将设备安装在潮湿、污浊、阳光直射、不平坦的环境里
设备要安装在距离墙壁 10cm 以外的坚硬平坦的台面上。 二.",未在可识别正文中找到明确开箱配件或装箱清单,found,结构示意图,not_found,,CES-150E 双温典雅型.pdf,../CES-150E 双温典雅型.pdf,1,一自动断水阀 进水一「 世水一 活性炭折叠膜滤芯 CES-150E/P 4 安装提示 F9OWATER 安装提示 一．安装环境 1. 不要将设备安装在潮湿、污浊、阳光直射、不平坦的环境里。 2. 设备要安装在距离墙壁 10cm 以外的坚硬平坦的台面上。 二.,
CES150E,CES-150E 双温典雅型,其他,其他,"一自动断水阀 进水一「 世水一 活性炭折叠膜滤芯 CES-150E/P 4 安装提示 F9OWATER 安装提示 一．安装环境
不要将设备安装在潮湿、污浊、阳光直射、不平坦的环境里
设备要安装在距离墙壁 10cm 以外的坚硬平坦的台面上。 二.",未在可识别正文中找到明确开箱配件或装箱清单,found,结构示意图,not_found,,CES-150E 双温典雅型.pdf,../CES-150E 双温典雅型.pdf,1,一自动断水阀 进水一「 世水一 活性炭折叠膜滤芯 CES-150E/P 4 安装提示 F9OWATER 安装提示 一．安装环境 1. 不要将设备安装在潮湿、污浊、阳光直射、不平坦的环境里。 2. 设备要安装在距离墙壁 10cm 以外的坚硬平坦的台面上。 二.,
CES-150P,CES-150P 调温豪华型,其他,其他,"一自动断水阀 进水一「 世水一 活性炭折叠膜滤芯 CES-150E/P 4 安装提示 F9OWATER 安装提示 一．安装环境
不要将设备安装在潮湿、污浊、阳光直射、不平坦的环境里
设备要安装在距离墙壁 10cm 以外的坚硬平坦的台面上。 二.",未在可识别正文中找到明确开箱配件或装箱清单,found,结构示意图,not_found,,CES-150P 调温豪华型.pdf,../CES-150P 调温豪华型.pdf,1,一自动断水阀 进水一「 世水一 活性炭折叠膜滤芯 CES-150E/P 4 安装提示 F9OWATER 安装提示 一．安装环境 1. 不要将设备安装在潮湿、污浊、阳光直射、不平坦的环境里。 2. 设备要安装在距离墙壁 10cm 以外的坚硬平坦的台面上。 二.,
CES150P,CES-150P 调温豪华型,其他,其他,"一自动断水阀 进水一「 世水一 活性炭折叠膜滤芯 CES-150E/P 4 安装提示 F9OWATER 安装提示 一．安装环境
不要将设备安装在潮湿、污浊、阳光直射、不平坦的环境里
设备要安装在距离墙壁 10cm 以外的坚硬平坦的台面上。 二.",未在可识别正文中找到明确开箱配件或装箱清单,found,结构示意图,not_found,,CES-150P 调温豪华型.pdf,../CES-150P 调温豪华型.pdf,1,一自动断水阀 进水一「 世水一 活性炭折叠膜滤芯 CES-150E/P 4 安装提示 F9OWATER 安装提示 一．安装环境 1. 不要将设备安装在潮湿、污浊、阳光直射、不平坦的环境里。 2. 设备要安装在距离墙壁 10cm 以外的坚硬平坦的台面上。 二.,
EBUF105-3-AS,EBUF105-3-AS 挚爱系列,其他,挚爱系列,"本产品的所有组件都包含在单一包装箱内，其中包括以下组件
净水机机头、顶盖及侧盖
三支滤芯
水龙头及相关配件的组件包
配有带颜色标记及一定长度的软管
含有固定螺钉和垫圈的零件袋
油脂袋和管接头配件包
用户手册","在单一包装箱内，其中包括以下组件
净水机机头、顶盖及侧盖
三支滤芯
水龙头及相关配件的组件包
配有带颜色标记及一定长度的软管
含有固定螺钉和垫圈的零件袋
油脂袋和管接头配件包
用户手册",found,产品组件,found,本产品的所有组件都包含,EBUF105-3-AS 挚爱系列.pdf,../EBUF105-3-AS 挚爱系列.pdf,1,本产品的所有组件都包含在单一包装箱内，其中包括以下组件： （1）净水机机头、顶盖及侧盖 （2） 三支滤芯 （3） 水龙头及相关配件的组件包 （4） 配有带颜色标记及一定长度的软管 （5） 含有固定螺钉和垫圈的零件袋 （6） 油脂袋和管接头配件包 （7）用户手册,在单一包装箱内，其中包括以下组件： （1）净水机机头、顶盖及侧盖 （2） 三支滤芯 （3） 水龙头及相关配件的组件包 （4） 配有带颜色标记及一定长度的软管 （5） 含有固定螺钉和垫圈的零件袋 （6） 油脂袋和管接头配件包 （7）用户手册
ECD100,ECD100台式即热饮水机说明书,管线机/饮水机,管线机/饮水机,"产品安装
使用说明
注意事项
故障诊断
环保清单","序号 名称 台式机 3分PE管 三通接头 说明书 合格证 接水盒组件 数量 1台 1.5米 2个 1本 1张 1套 技术参数 产品型号 额定电压 额定功率 制热功率 额定总功率 进...
卫水字（2022）第0656号 GB 4706.1-2005;GB 4706.19-2008; Q/320583 AYYK012-2022 输出水质符合《生活饮用水输配水设备及防护...",found,结构示意图,found,装箱清单,ECD100台式即热饮水机说明书.pdf,../ECD100台式即热饮水机说明书.pdf,1,产品安装 使用说明 注意事项 故障诊断 环保清单 质保条款 产品保养及维修记录 怡口产品保修卡 1 1 ］ 2 2 3 3 4 6 00 9 10 11 12 感谢您使用怡口牌ECD100即热式台式管线机。在此之前，为了正确使用和,"序号 名称 台式机 3分PE管 三通接头 说明书 合格证 接水盒组件 数量 1台 1.5米 2个 1本 1张 1套 技术参数 产品型号 额定电压 额定功率 制热功率 额定总功率 进水压力 环境温度 适用水温 制热水能力 防触电保护类型 适用水源 卫生许可批准文号 执行标准 输出水质 ECD100 220V~ 50Hz 2100W 2150W 0.1MPa~0.4MPa 4°C~40°C 5°C~38°C ≥90°C,23L/h I类 纯净水 浙（04）卫水字（2022）第0656号 GB 4706.1-2005;G"
ECR3500 R20,ECR3500 R20 超柔智多星标准型,其他,超柔,"ECR
3500R20
3500R30
ERR
3502R30
型号代码
HR20
HR30
HR20+
2H30+
滤料
钠型苯乙烯阳离子交换树脂
＋颗粒活性炭
滤料使用寿命＊（年）
3-5
净水流量
额定总净水流量
(m
20000
30000
15
18
再生周期
高容量树脂的数量
17
25
20
供水的最大硬度
(ppm)
684","组装和安装所需小零件/零配件袋
本说明书/本手册",found,结构示意图,found,开箱,ECR3500 R20 超柔智多星标准型.pdf,../ECR3500 R20 超柔智多星标准型.pdf,1,ECR 3500R20 ECR 3500R30 ERR 3500R20 ERR 3502R30 型号代码 HR20 HR30 HR20+ 2H30+ 滤料 钠型苯乙烯阳离子交换树脂 钠型苯乙烯阳离子交换树脂 ＋颗粒活性炭 滤料使用寿命＊（年） 3-5 净水流量 3 3.5 3 3.5 额定总净水流量 (m 3 ) 20000 30000 15 18 再生周期 (m 3 ) 3 3.5 3 3.5 高容量树脂的数量 ( 升 ) 17 25 20 25 供水的最大硬度 (ppm) 684 1026 855 1026 工,及安装 二、开箱及安装 1. 开箱 一体式系统 R20、R30 装在一个大纸板箱中 从工厂发运。箱内包括装配和安装该装置所需零 配件袋，以及本手册。 分体式系统 R40 装在两个纸板箱中从工厂发 运。一个纸箱包括树脂罐和控制器总成，另一个 纸箱中包含盐箱、盖子、装配和安装该装置所需 小型零配件袋，以及本手册。 彻底检查包装箱及怡口软水机，看是否有运 输损坏或是部件遗失。如果存在损坏，请通知运 输公司。怡口公司不负责运输中造成的损坏。 拆开所有包装材料。我们建议您在使用之前 不要打开小型零配件袋。所有型号需要的装配工
ECR3500 R30,ECR3500 R30 超柔智多星增强型,其他,超柔,"ECR
3500R20
3500R30
ERR
3502R30
型号代码
HR20
HR30
HR20+
2H30+
滤料
钠型苯乙烯阳离子交换树脂
＋颗粒活性炭
滤料使用寿命＊（年）
3-5
净水流量
额定总净水流量
(m
20000
30000
15
18
再生周期
高容量树脂的数量
17
25
20
供水的最大硬度
(ppm)
684","组装和安装所需小零件/零配件袋
本说明书/本手册",found,结构示意图,found,开箱,ECR3500 R30 超柔智多星增强型.pdf,../ECR3500 R30 超柔智多星增强型.pdf,1,ECR 3500R20 ECR 3500R30 ERR 3500R20 ERR 3502R30 型号代码 HR20 HR30 HR20+ 2H30+ 滤料 钠型苯乙烯阳离子交换树脂 钠型苯乙烯阳离子交换树脂 ＋颗粒活性炭 滤料使用寿命＊（年） 3-5 净水流量 3 3.5 3 3.5 额定总净水流量 (m 3 ) 20000 30000 15 18 再生周期 (m 3 ) 3 3.5 3 3.5 高容量树脂的数量 ( 升 ) 17 25 20 25 供水的最大硬度 (ppm) 684 1026 855 1026 工,及安装 二、开箱及安装 1. 开箱 一体式系统 R20、R30 装在一个大纸板箱中 从工厂发运。箱内包括装配和安装该装置所需零 配件袋，以及本手册。 分体式系统 R40 装在两个纸板箱中从工厂发 运。一个纸箱包括树脂罐和控制器总成，另一个 纸箱中包含盐箱、盖子、装配和安装该装置所需 小型零配件袋，以及本手册。 彻底检查包装箱及怡口软水机，看是否有运 输损坏或是部件遗失。如果存在损坏，请通知运 输公司。怡口公司不负责运输中造成的损坏。 拆开所有包装材料。我们建议您在使用之前 不要打开小型零配件袋。所有型号需要的装配工
EED-101,EED-101嵌入式管线机说明书,管线机/饮水机,管线机/饮水机,未在可识别正文中找到明确产品组件清单,"产品维修指南
质保条款
产品保养及维修记录
产品保修卡
06
07
08
09
10",not_found,,found,包装清单,EED-101嵌入式管线机说明书.pdf,../EED-101嵌入式管线机说明书.pdf,1,,产品维修指南 质保条款 产品保养及维修记录- 产品保修卡 06 06 07 08 09 10 A 注意事项 以下注意事项是为了避免发生危险和伤害的重要内容，请务必遵守。 1.本机适于室内，使用时应竖直固定在柜体内部，安装柜体尺寸及固定方式参见
EMF106-H,EMF106-h 安饮复合标准型,复合/中央净水,安饮,"本产品的所有组件都包含在单一包装箱内，其中包括以下组件
净水机机头
活性炭折叠膜复合滤芯
水龙头及相关的组件包
3/8"" 的塑料软管两根（黄蓝各一根）
配件包：管接头，固定螺钉和垫圈；侧盖及油脂袋
用户手册","在单一包装箱内，其中包括以下组件
净水机机头
活性炭折叠膜复合滤芯
水龙头及相关的组件包
3/8"" 的塑料软管两根（黄蓝各一根）
配件包：管接头，固定螺钉和垫圈；侧盖及油脂袋
用户手册",found,产品组件,found,本产品的所有组件都包含,EMF106-h 安饮复合标准型.pdf,../EMF106-h 安饮复合标准型.pdf,1,"本产品的所有组件都包含在单一包装箱内，其中包括以下组件： （1） 净水机机头， （2） 活性炭折叠膜复合滤芯； （3） 水龙头及相关的组件包： （4） 3/8"" 的塑料软管两根（黄蓝各一根）； （5）配件包：管接头，固定螺钉和垫圈；侧盖及油脂袋； （6）用户手册。","在单一包装箱内，其中包括以下组件： （1） 净水机机头， （2） 活性炭折叠膜复合滤芯； （3） 水龙头及相关的组件包： （4） 3/8"" 的塑料软管两根（黄蓝各一根）； （5）配件包：管接头，固定螺钉和垫圈；侧盖及油脂袋； （6）用户手册。"
EMF108,EMF108 -H 安饮复合功能型,复合/中央净水,安饮,"本产品的所有组件都包含在单一包装箱内，其中包括以下组件
净水机机头
沸石活性炭折叠膜复合滤芯
水龙头及相关的组件包
3/8'' 的塑料软管两根（黄蓝各一根）
配件包：管接头，固定螺钉和垫圈；侧盖及油脂袋
用户手册。 三 .","在单一包装箱内，其中包括以下组件
净水机机头
沸石活性炭折叠膜复合滤芯
水龙头及相关的组件包
3/8'' 的塑料软管两根（黄蓝各一根）
配件包：管接头，固定螺钉和垫圈；侧盖及油脂袋
用户手册。 三 .",found,产品组件,found,本产品的所有组件都包含,EMF108 -H 安饮复合功能型.pdf,../EMF108 -H 安饮复合功能型.pdf,1,本产品的所有组件都包含在单一包装箱内，其中包括以下组件： (1) 净水机机头； (2) 沸石活性炭折叠膜复合滤芯； (3) 水龙头及相关的组件包； (4) 3/8'' 的塑料软管两根（黄蓝各一根）； (5) 配件包：管接头，固定螺钉和垫圈；侧盖及油脂袋； (6) 用户手册。 三 .,在单一包装箱内，其中包括以下组件： (1) 净水机机头； (2) 沸石活性炭折叠膜复合滤芯； (3) 水龙头及相关的组件包； (4) 3/8'' 的塑料软管两根（黄蓝各一根）； (5) 配件包：管接头，固定螺钉和垫圈；侧盖及油脂袋； (6) 用户手册。 三 .
EMF110-H,EMF110-H 安饮复合功能加强型,复合/中央净水,安饮,未在可识别正文中找到明确产品组件清单,未在可识别正文中找到明确开箱配件或装箱清单,not_found,,not_found,,EMF110-H 安饮复合功能加强型.pdf,../EMF110-H 安饮复合功能加强型.pdf,1,,
EMF206-1,EMF206-1 OWNERS MANUAL,其他,其他,"本产品的所有组件都包含在单一包装箱内，其中包括以下组件
净水机机头
活性炭折叠膜复合滤芯
水龙头及相关的组件包
3/8"" 的塑料软管两根（黄蓝各一根）
配件包：管接头，固定螺钉和垫圈；侧盖及油脂袋
质保卡、通用版说明书","在单一包装箱内，其中包括以下组件
净水机机头
活性炭折叠膜复合滤芯
水龙头及相关的组件包
3/8"" 的塑料软管两根（黄蓝各一根）
配件包：管接头，固定螺钉和垫圈；侧盖及油脂袋
质保卡、通用版说明书",found,产品组件,found,本产品的所有组件都包含,EMF206-1 OWNERS MANUAL.pdf,../EMF206-1 OWNERS MANUAL.pdf,1,"本产品的所有组件都包含在单一包装箱内，其中包括以下组件： （1）净水机机头， （2） 活性炭折叠膜复合滤芯； （3） 水龙头及相关的组件包： （4） 3/8"" 的塑料软管两根（黄蓝各一根）； （5） 配件包：管接头，固定螺钉和垫圈；侧盖及油脂袋； （6） 质保卡、通用版说明书","在单一包装箱内，其中包括以下组件： （1）净水机机头， （2） 活性炭折叠膜复合滤芯； （3） 水龙头及相关的组件包： （4） 3/8"" 的塑料软管两根（黄蓝各一根）； （5） 配件包：管接头，固定螺钉和垫圈；侧盖及油脂袋； （6） 质保卡、通用版说明书"
EPMF107-H,EPMF107-H 怡可飘,其他,怡可飘,"本产品的所有组件都包含在单一包装箱内，其中包括以下组件
净水机机头
沸石活性炭折叠膜复合滤芯
水龙头及相关的组件包
3/8'' 的塑料软管两根（黄蓝各一根）
配件包：管接头，固定螺钉和垫圈；侧盖及油脂袋
用户手册。 三.","在单一包装箱内，其中包括以下组件
净水机机头
沸石活性炭折叠膜复合滤芯
水龙头及相关的组件包
3/8'' 的塑料软管两根（黄蓝各一根）
配件包：管接头，固定螺钉和垫圈；侧盖及油脂袋
用户手册。 三.",found,产品组件,found,本产品的所有组件都包含,EPMF107-H 怡可飘.pdf,../EPMF107-H 怡可飘.pdf,1,本产品的所有组件都包含在单一包装箱内，其中包括以下组件： (1) 净水机机头； (2) 沸石活性炭折叠膜复合滤芯； (3) 水龙头及相关的组件包； (4) 3/8'' 的塑料软管两根（黄蓝各一根）； (5) 配件包：管接头，固定螺钉和垫圈；侧盖及油脂袋； (6) 用户手册。 三.,在单一包装箱内，其中包括以下组件： (1) 净水机机头； (2) 沸石活性炭折叠膜复合滤芯； (3) 水龙头及相关的组件包； (4) 3/8'' 的塑料软管两根（黄蓝各一根）； (5) 配件包：管接头，固定螺钉和垫圈；侧盖及油脂袋； (6) 用户手册。 三.
EPSF01-M,EPSF01-M 怡可飘,前置过滤器,怡可飘,"本产品的所有组件都包含在彩盒内，装箱清单如下
前置过滤器主机（1只）
不锈钢固定支架与螺钉（1付）
排污软管（1根1.5米）及抱箍（1只）
扳手（1只）
螺帽和接头（2套）
说明书（内含装箱清单文字说明及","前置过滤器主机（1只）
不锈钢固定支架与螺钉（1付）
排污软管（1根1.5米）及抱箍（1只）
扳手（1只）
螺帽和接头（2套）
说明书（内含装箱清单文字说明及",found,产品组件,found,装箱清单如下,EPSF01-M 怡可飘.pdf,../EPSF01-M 怡可飘.pdf,1,本产品的所有组件都包含在彩盒内，装箱清单如下： （1） 前置过滤器主机（1只） （2） 不锈钢固定支架与螺钉（1付） （3） 排污软管（1根1.5米）及抱箍（1只） （4） 扳手（1只） （5） 螺帽和接头（2套） （6） 说明书（内含装箱清单文字说明及,（1） 前置过滤器主机（1只） （2） 不锈钢固定支架与螺钉（1付） （3） 排污软管（1根1.5米）及抱箍（1只） （4） 扳手（1只） （5） 螺帽和接头（2套） （6） 说明书（内含装箱清单文字说明及
EPSF03-M,EPSF03-M 怡可飘,前置过滤器,怡可飘,"本产品的所有组件都包含在彩盒内，装箱清单如下
前置过滤器主机（1只）
不锈钢固定支架与螺钉（1付）
排污软管（1根1.5米）及抱箍（1只）
扳手（1只）
螺帽和接头（2套）
说明书（内含装箱清单文字说明及","前置过滤器主机（1只）
不锈钢固定支架与螺钉（1付）
排污软管（1根1.5米）及抱箍（1只）
扳手（1只）
螺帽和接头（2套）
说明书（内含装箱清单文字说明及",found,产品组件,found,装箱清单如下,EPSF03-M 怡可飘.pdf,../EPSF03-M 怡可飘.pdf,1,本产品的所有组件都包含在彩盒内，装箱清单如下： （1） 前置过滤器主机（1只） （2） 不锈钢固定支架与螺钉（1付） （3） 排污软管（1根1.5米）及抱箍（1只） （4） 扳手（1只） （5） 螺帽和接头（2套） （6） 说明书（内含装箱清单文字说明及,（1） 前置过滤器主机（1只） （2） 不锈钢固定支架与螺钉（1付） （3） 排污软管（1根1.5米）及抱箍（1只） （4） 扳手（1只） （5） 螺帽和接头（2套） （6） 说明书（内含装箱清单文字说明及
EPSF04-M,EPSF04-M 清滤卫士标准型,前置过滤器,清滤卫士,未在可识别正文中找到明确产品组件清单,未在可识别正文中找到明确开箱配件或装箱清单,not_found,,not_found,,EPSF04-M 清滤卫士标准型.pdf,../EPSF04-M 清滤卫士标准型.pdf,1,,
EPSF06-M,EPSF06-M、EPSF07-M型前置过滤器,前置过滤器,前置过滤器,"本产品的所有组件都包含在包装箱内，装箱清单如下
前置过滤器主机（1只）
3分PE排污管（1根1.5m长）；管夹（2只）；卡夹（1只）
螺母（2个）；密封圈（2个）；DN20接头（2个）；DN25接头（2个）
合格证","前置过滤器主机（1只）
3分PE排污管（1根1.5m长）；管夹（2只）；卡夹（1只）
螺母（2个）；密封圈（2个）；DN20接头（2个）；DN25接头（2个）
合格证",found,产品组件,found,装箱清单如下,EPSF06-M、EPSF07-M型前置过滤器.pdf,../EPSF06-M、EPSF07-M型前置过滤器.pdf,1,本产品的所有组件都包含在包装箱内，装箱清单如下： （1） 前置过滤器主机（1只） （2） 3分PE排污管（1根1.5m长）；管夹（2只）；卡夹（1只） （3） 螺母（2个）；密封圈（2个）；DN20接头（2个）；DN25接头（2个） （4） 合格证 （5）,（1） 前置过滤器主机（1只） （2） 3分PE排污管（1根1.5m长）；管夹（2只）；卡夹（1只） （3） 螺母（2个）；密封圈（2个）；DN20接头（2个）；DN25接头（2个） （4） 合格证 （5）
EPSF07-M,EPSF06-M、EPSF07-M型前置过滤器,前置过滤器,前置过滤器,"本产品的所有组件都包含在包装箱内，装箱清单如下
前置过滤器主机（1只）
3分PE排污管（1根1.5m长）；管夹（2只）；卡夹（1只）
螺母（2个）；密封圈（2个）；DN20接头（2个）；DN25接头（2个）
合格证","前置过滤器主机（1只）
3分PE排污管（1根1.5m长）；管夹（2只）；卡夹（1只）
螺母（2个）；密封圈（2个）；DN20接头（2个）；DN25接头（2个）
合格证",found,产品组件,found,装箱清单如下,EPSF06-M、EPSF07-M型前置过滤器.pdf,../EPSF06-M、EPSF07-M型前置过滤器.pdf,1,本产品的所有组件都包含在包装箱内，装箱清单如下： （1） 前置过滤器主机（1只） （2） 3分PE排污管（1根1.5m长）；管夹（2只）；卡夹（1只） （3） 螺母（2个）；密封圈（2个）；DN20接头（2个）；DN25接头（2个） （4） 合格证 （5）,（1） 前置过滤器主机（1只） （2） 3分PE排污管（1根1.5m长）；管夹（2只）；卡夹（1只） （3） 螺母（2个）；密封圈（2个）；DN20接头（2个）；DN25接头（2个） （4） 合格证 （5）
EPSF09-A,EPSF09-A 清滤卫士智能型,前置过滤器,清滤卫士,未在可识别正文中找到明确产品组件清单,未在可识别正文中找到明确开箱配件或装箱清单,not_found,,not_found,,EPSF09-A 清滤卫士智能型.pdf,../EPSF09-A 清滤卫士智能型.pdf,1,,
EPSF101-A,EPSF101-A前置过滤器说明书,前置过滤器,前置过滤器,"本产品的所有组件都包含在包装箱内，装箱清单如下： 1.3分PE排污管（1根1.5m长）；管夹（2只）；卡夹（1只）
电池（4节）
保修卡 4.合格证","3分PE排污管（1根1.5m长）；管夹（2只）；卡夹（1只）
电池（4节）
保修卡 4.合格证 三•产品功能 本产品怡可飘牌EPSF101-A 型自动冲洗前置过滤器装置，需连接在房屋自来水总进水处，它能滤除 自来水源中大于40um 的悬浮颗粒并定期进行自动...",found,产品组件,found,装箱清单如下,EPSF101-A前置过滤器说明书.pdf,../EPSF101-A前置过滤器说明书.pdf,1,本产品的所有组件都包含在包装箱内，装箱清单如下： 1.3分PE排污管（1根1.5m长）；管夹（2只）；卡夹（1只） 2. 电池（4节） 3. 保修卡 4.合格证,1.3分PE排污管（1根1.5m长）；管夹（2只）；卡夹（1只） 2. 电池（4节） 3. 保修卡 4.合格证 三•产品功能 本产品怡可飘牌EPSF101-A 型自动冲洗前置过滤器装置，需连接在房屋自来水总进水处，它能滤除 自来水源中大于40um 的悬浮颗粒并定期进行自动冲洗，将截获的污垢从下部排水管冲出。 注意：本产品可用于减少水中含有的沙粒、砾石、碎屑、铁锈以及其他水中悬浮物。但如果水源中本身 含有粘性沉淀物，如淤泥、粘土等，您有必要定期将过滤器拆开并清洗里面的滤网（注明：滤网是耗材， 需定期清洗或更换，根据使
ERH-1,ERH-1 台式净饮机（天猫款）,管线机/饮水机,天猫,"本产品的所有组件都包含在单一包装箱内，其中包括以下组件
主机 一台
滤芯 一套
用户手册 一本
接水盘 一件
原水箱 一件
合格证 一张","在单一包装箱内，其中包括以下组件
主机 一台
滤芯 一套
用户手册 一本
接水盘 一件
原水箱 一件
合格证 一张 三．产品功能 本系列直饮水产品采用物理过滤方式。前置及后置滤芯均需定期及时更換，确保日常新鲜优质水的 供应。前置滤芯进行粗过滤，滤除原水中的泥沙、铁锈、固态悬浮物等...",found,产品组件,found,本产品的所有组件都包含,ERH-1 台式净饮机（天猫款）.pdf,../ERH-1 台式净饮机（天猫款）.pdf,1,本产品的所有组件都包含在单一包装箱内，其中包括以下组件： （1）主机 一台 （2）滤芯 一套 （3）用户手册 一本 （4）接水盘 一件 （5）原水箱 一件 （6）合格证 一张,在单一包装箱内，其中包括以下组件： （1）主机 一台 （2）滤芯 一套 （3）用户手册 一本 （4）接水盘 一件 （5）原水箱 一件 （6）合格证 一张 三．产品功能 本系列直饮水产品采用物理过滤方式。前置及后置滤芯均需定期及时更換，确保日常新鲜优质水的 供应。前置滤芯进行粗过滤，滤除原水中的泥沙、铁锈、固态悬浮物等。后置滤芯能去除水中的余氯产物 和异味，改善口感。 2 产品介绍 FCOWATER 四.
ERH-110WH,ERH-110WH型反渗透净热一体机,管线机/饮水机,管线机/饮水机,"本产品的所有组件都包含在包装箱内
净水机主机（1个）
卡爪（2个）
转接头（2个）
密封圈（2个）
编织管
硅油包","净水机主机（1个）
卡爪（2个）
转接头（2个）
密封圈（2个）
编织管
硅油包",found,产品组件,found,装箱清单如下,ERH-110WH型反渗透净热一体机.pdf,../ERH-110WH型反渗透净热一体机.pdf,1,本产品的所有组件都包含在包装箱内，装箱清单如下： ① 净水机主机（1个） ② 卡爪（2个） ③ 转接头（2个） ④ 密封圈（2个） ⑤ 编织管 ⑥ 硅油包 三、产品功能 本产品怡口牌P30WHF型活性炭净水机，以市政自来水为原水，用于对自来水进行净化处理。 适用于安装在家用厨下安装，与净水器搭配使用。 2 产品介绍 FCOVATER • 采用高品质食品级材质。 • 超大流量实现全屋净化。 • 利用市政供水压力不费电，节能环保。 • 本产品为一体式滤瓶，整理更换，方便快接。 四、产品规格及,① 净水机主机（1个） ② 卡爪（2个） ③ 转接头（2个） ④ 密封圈（2个） ⑤ 编织管 ⑥ 硅油包 三、产品功能 本产品怡口牌P30WHF型活性炭净水机，以市政自来水为原水，用于对自来水进行净化处理。 适用于安装在家用厨下安装，与净水器搭配使用。 2 产品介绍 FCOVATER • 采用高品质食品级材质。 • 超大流量实现全屋净化。 • 利用市政供水压力不费电，节能环保。 • 本产品为一体式滤瓶，整理更换，方便快接。 四、产品规格及
ERH110WH,ERH-110WH型反渗透净热一体机,管线机/饮水机,管线机/饮水机,"本产品的所有组件都包含在包装箱内
净水机主机（1个）
卡爪（2个）
转接头（2个）
密封圈（2个）
编织管
硅油包","净水机主机（1个）
卡爪（2个）
转接头（2个）
密封圈（2个）
编织管
硅油包",found,产品组件,found,装箱清单如下,ERH-110WH型反渗透净热一体机.pdf,../ERH-110WH型反渗透净热一体机.pdf,1,本产品的所有组件都包含在包装箱内，装箱清单如下： ① 净水机主机（1个） ② 卡爪（2个） ③ 转接头（2个） ④ 密封圈（2个） ⑤ 编织管 ⑥ 硅油包 三、产品功能 本产品怡口牌P30WHF型活性炭净水机，以市政自来水为原水，用于对自来水进行净化处理。 适用于安装在家用厨下安装，与净水器搭配使用。 2 产品介绍 FCOVATER • 采用高品质食品级材质。 • 超大流量实现全屋净化。 • 利用市政供水压力不费电，节能环保。 • 本产品为一体式滤瓶，整理更换，方便快接。 四、产品规格及,① 净水机主机（1个） ② 卡爪（2个） ③ 转接头（2个） ④ 密封圈（2个） ⑤ 编织管 ⑥ 硅油包 三、产品功能 本产品怡口牌P30WHF型活性炭净水机，以市政自来水为原水，用于对自来水进行净化处理。 适用于安装在家用厨下安装，与净水器搭配使用。 2 产品介绍 FCOVATER • 采用高品质食品级材质。 • 超大流量实现全屋净化。 • 利用市政供水压力不费电，节能环保。 • 本产品为一体式滤瓶，整理更换，方便快接。 四、产品规格及
ERH-2,ERH-2 台式净饮机（京东款）,管线机/饮水机,京东,"本产品的所有组件都包含在单一包装箱内，其中包括以下组件
主机 一台
滤芯 一套
用户手册 一本
接水盘 一件
原水箱 一件
合格证 一张
操作手册 一本","在单一包装箱内，其中包括以下组件
主机 一台
滤芯 一套
用户手册 一本
接水盘 一件
原水箱 一件
合格证 一张
操作手册 一本",found,产品组件,found,本产品的所有组件都包含,ERH-2 台式净饮机（京东款）.pdf,../ERH-2 台式净饮机（京东款）.pdf,1,本产品的所有组件都包含在单一包装箱内，其中包括以下组件： （1）主机 一台 （2）滤芯 一套 （3）用户手册 一本 （4）接水盘 一件 （5）原水箱 一件 （6）合格证 一张 （7） 操作手册 一本,在单一包装箱内，其中包括以下组件： （1）主机 一台 （2）滤芯 一套 （3）用户手册 一本 （4）接水盘 一件 （5）原水箱 一件 （6）合格证 一张 （7） 操作手册 一本
ERH-3,ERH-3 台式净饮机（天猫款）,管线机/饮水机,天猫,"本产品的所有组件都包含在单一包装箱内，其中包括以下组件
主机 一台
滤芯 一套
用户手册 一本
接水盘 一件
原水箱 一件
合格证 一张","在单一包装箱内，其中包括以下组件
主机 一台
滤芯 一套
用户手册 一本
接水盘 一件
原水箱 一件
合格证 一张 三．产品功能 本系列直饮水产品采用物理过滤方式。前置及后置滤芯均需定期及时更換，确保日常新鲜优质水的 供应。前置滤芯进行粗过滤，滤除原水中的泥沙、铁锈、固态悬浮物等...",found,产品组件,found,本产品的所有组件都包含,ERH-3 台式净饮机（天猫款）.pdf,../ERH-3 台式净饮机（天猫款）.pdf,1,本产品的所有组件都包含在单一包装箱内，其中包括以下组件： （1）主机 一台 （2）滤芯 一套 （3）用户手册 一本 （4）接水盘 一件 （5）原水箱 一件 （6）合格证 一张,在单一包装箱内，其中包括以下组件： （1）主机 一台 （2）滤芯 一套 （3）用户手册 一本 （4）接水盘 一件 （5）原水箱 一件 （6）合格证 一张 三．产品功能 本系列直饮水产品采用物理过滤方式。前置及后置滤芯均需定期及时更換，确保日常新鲜优质水的 供应。前置滤芯进行粗过滤，滤除原水中的泥沙、铁锈、固态悬浮物等。后置滤芯能去除水中的余氯产物 和异味，改善口感。 2 产品介绍 FCOWATER 四.
ERH-800,ERH-800型净热一体机,管线机/饮水机,管线机/饮水机,未在可识别正文中找到明确产品组件清单,"主机
零件包",not_found,,found,包装箱内,ERH-800型净热一体机.pdf,../ERH-800型净热一体机.pdf,1,,"的附件是否完整。 1、将包装打开，取出主机及零件包。 2、检查整机机身、包装箱及保修联的序列号是否一致。 3、确认整机的摆放位置及空间并预留一个三脚插座。 4、确认进水水压，水压要求为：0.1-0.4Mpa。 在安装前需关闭进水水源，以免发生漏水现象。 3/8""防落夹 冷水软管 密封垫 密封垫 冷水阀 3/8""白色PE管 三通球阀 7 三、"
ERH-801,ERH-801型反渗透净热一体机,管线机/饮水机,管线机/饮水机,未在可识别正文中找到明确产品组件清单,"主机
零件包",not_found,,found,包装箱内,ERH-801型反渗透净热一体机.pdf,../ERH-801型反渗透净热一体机.pdf,1,,"的附件是否完整。 1、将包装打开，取出主机及零件包。 2、检查整机机身、包装箱及保修联的序列号是否一致。 3、确认整机的摆放位置及空间并预留一个三脚插座。 4、确认进水水压，水压要求为：0.1-0.4MPa。 在安装前需关闭进水水源，以免发生漏水现象。 3/8""防落夹 冷水软管 密封垫 密封垫 冷水阀 3/8""白色PE管 三通球阀 7"
ERH-803,ERH-803、ERH-1005型反渗透净热一体机,管线机/饮水机,管线机/饮水机,未在可识别正文中找到明确产品组件清单,"主机
零件包",not_found,,found,包装箱内,ERH-803、ERH-1005型反渗透净热一体机.pdf,../ERH-803、ERH-1005型反渗透净热一体机.pdf,1,,"的附件是否完整。 1、将包装打开，取出主机及零件包。 2、检查整机机身、包装箱及保修联的序列号是否一致。 3、确认整机的摆放位置及空间并预留一个三脚插座。 4、确认进水水压，水压要求为：0.1-0.4MPa。 在安装前需关闭进水水源，以免发生漏水现象。 3/8""防落夹 冷水软管 密封垫 密封垫 冷水阀 3/8""白色PE管 三通球阀 7 三、"
ERH-1005,ERH-803、ERH-1005型反渗透净热一体机,管线机/饮水机,管线机/饮水机,未在可识别正文中找到明确产品组件清单,"主机
零件包",not_found,,found,包装箱内,ERH-803、ERH-1005型反渗透净热一体机.pdf,../ERH-803、ERH-1005型反渗透净热一体机.pdf,1,,"的附件是否完整。 1、将包装打开，取出主机及零件包。 2、检查整机机身、包装箱及保修联的序列号是否一致。 3、确认整机的摆放位置及空间并预留一个三脚插座。 4、确认进水水压，水压要求为：0.1-0.4MPa。 在安装前需关闭进水水源，以免发生漏水现象。 3/8""防落夹 冷水软管 密封垫 密封垫 冷水阀 3/8""白色PE管 三通球阀 7 三、"
ERH-J10,ERH-J10 ERH-J12火星说明书,管线机/饮水机,管线机/饮水机,未在可识别正文中找到明确产品组件清单,"主机
零件包",not_found,,found,包装箱内,ERH-J10 ERH-J12火星说明书.pdf,../ERH-J10 ERH-J12火星说明书.pdf,1,,的附件是否完整。 1、将包装打开，取出主机及零件包。 2、检查整机机身、包装箱及保修联的序列号是否一致。 3、确认整机的摆放位置及空间并预留一个三脚插座。 4、确认进水水压，水压要求为：0.1-0.4Mpao 全 在安装前需关闭进水水源，以免发生漏水现象。 二、
ERH-J12,ERH-J10 ERH-J12火星说明书,管线机/饮水机,管线机/饮水机,未在可识别正文中找到明确产品组件清单,"主机
零件包",not_found,,found,包装箱内,ERH-J10 ERH-J12火星说明书.pdf,../ERH-J10 ERH-J12火星说明书.pdf,1,,的附件是否完整。 1、将包装打开，取出主机及零件包。 2、检查整机机身、包装箱及保修联的序列号是否一致。 3、确认整机的摆放位置及空间并预留一个三脚插座。 4、确认进水水压，水压要求为：0.1-0.4Mpao 全 在安装前需关闭进水水源，以免发生漏水现象。 二、
ERH201,ERH201、ERH203型反渗透台式净饮机产品说明书,管线机/饮水机,管线机/饮水机,未在可识别正文中找到明确产品组件清单,"并由怡口专业售后人员上门操作安装
有需求请联系怡口官方旗舰店客服
或拨打官方售后电话
400-887-0190
第四步.启动接管模式
选择控制面板同时按下
“热水”
“小杯”
按键5秒
切换至接管模式
显示屏亮
“接管”
LED灯
第五步
完成
以上",not_found,,found,配件包,ERH201、ERH203型反渗透台式净饮机产品说明书.pdf,../ERH201、ERH203型反渗透台式净饮机产品说明书.pdf,2,,， 并由怡口专业售后人员上门操作安装。 有需求请联系怡口官方旗舰店客服， 或拨打官方售后电话： 400-887-0190 第四步.启动接管模式 选择控制面板同时按下 “热水” 和 “小杯” 按键5秒， 切换至接管模式； 显示屏亮 “接管” LED灯。 第五步： 完成 以上
ERH203,ERH201、ERH203型反渗透台式净饮机产品说明书,管线机/饮水机,管线机/饮水机,未在可识别正文中找到明确产品组件清单,"并由怡口专业售后人员上门操作安装
有需求请联系怡口官方旗舰店客服
或拨打官方售后电话
400-887-0190
第四步.启动接管模式
选择控制面板同时按下
“热水”
“小杯”
按键5秒
切换至接管模式
显示屏亮
“接管”
LED灯
第五步
完成
以上",not_found,,found,配件包,ERH201、ERH203型反渗透台式净饮机产品说明书.pdf,../ERH201、ERH203型反渗透台式净饮机产品说明书.pdf,1,,， 并由怡口专业售后人员上门操作安装。 有需求请联系怡口官方旗舰店客服， 或拨打官方售后电话： 400-887-0190 第四步.启动接管模式 选择控制面板同时按下 “热水” 和 “小杯” 按键5秒， 切换至接管模式； 显示屏亮 “接管” LED灯。 第五步： 完成 以上
ERH201,ERH201即热饮水机说明书,管线机/饮水机,管线机/饮水机,未在可识别正文中找到明确产品组件清单,"并由怡口专业售后人员上门操作安装
有需求请联系怡口官方旗舰店客服
或拨打官方售后电话
400-887-0190
第四步.启动接管模式
选择控制面板同时按下
“热水”
“小杯”
按键5秒
切换至接管模式
显示屏亮
“接管”
LED灯
第五步
完成
以上",not_found,,found,配件包,ERH201即热饮水机说明书.pdf,../ERH201即热饮水机说明书.pdf,2,,， 并由怡口专业售后人员上门操作安装。 有需求请联系怡口官方旗舰店客服， 或拨打官方售后电话： 400-887-0190 第四步.启动接管模式 选择控制面板同时按下 “热水” 和 “小杯” 按键5秒， 切换至接管模式； 显示屏亮 “接管” LED灯。 第五步： 完成 以上
ERHX10NX20N,ERHX10NX20N  OWNERS MANUAL,管线机/饮水机,管线机/饮水机,未在可识别正文中找到明确产品组件清单,"主机
零件包",not_found,,found,包装箱内,ERHX10NX20N OWNERS MANUAL.pdf,../ERHX10NX20N OWNERS MANUAL.pdf,1,,的附件是否完整。 1、将包装打开，取出主机及零件包。 2、检查整机机身、包装箱及保修联的序列号是否一致。 3、确认整机的摆放位置及空间并预留水源、排污接口及一个三脚插座。 4、确认进水水压，水压要求为：0.1-0.4MPa。 A 在安装前需关闭进水水源，以免发生漏水现象。 二、
ERHX10X20,ERHX10X20  OWNERS MANUAL REVB,管线机/饮水机,管线机/饮水机,未在可识别正文中找到明确产品组件清单,未在可识别正文中找到明确开箱配件或装箱清单,not_found,,not_found,,ERHX10X20 OWNERS MANUAL REVB.pdf,../ERHX10X20 OWNERS MANUAL REVB.pdf,1,,
ERO001-3,ERO001-3 纯饮Mini RO,反渗透净水机,纯饮,未在可识别正文中找到明确产品组件清单,未在可识别正文中找到明确开箱配件或装箱清单,not_found,,not_found,,ERO001-3 纯饮Mini RO.pdf,../ERO001-3 纯饮Mini RO.pdf,1,,
ERO002-3,ERO002-3 纯饮Mini RO,反渗透净水机,纯饮,未在可识别正文中找到明确产品组件清单,未在可识别正文中找到明确开箱配件或装箱清单,not_found,,not_found,,ERO002-3 纯饮Mini RO.pdf,../ERO002-3 纯饮Mini RO.pdf,1,,
ERO102-3,ERO102-3 纯饮灵动RO,反渗透净水机,纯饮,未在可识别正文中找到明确产品组件清单,未在可识别正文中找到明确开箱配件或装箱清单,not_found,,not_found,,ERO102-3 纯饮灵动RO.pdf,../ERO102-3 纯饮灵动RO.pdf,1,,
ERO121-3,ERO121-3 纯爱系列 K1,反渗透净水机,反渗透净水机,未在可识别正文中找到明确产品组件清单,未在可识别正文中找到明确开箱配件或装箱清单,not_found,,not_found,,ERO121-3 纯爱系列 K1.pdf,../ERO121-3 纯爱系列 K1.pdf,1,,
K1,ERO121-3 纯爱系列 K1,反渗透净水机,反渗透净水机,未在可识别正文中找到明确产品组件清单,未在可识别正文中找到明确开箱配件或装箱清单,not_found,,not_found,,ERO121-3 纯爱系列 K1.pdf,../ERO121-3 纯爱系列 K1.pdf,1,,
ERO150-3,ERO150-3反渗透直饮机用户手册,反渗透净水机,反渗透净水机,未在可识别正文中找到明确产品组件清单,"主机
零件包",not_found,,found,包装箱内,ERO150-3反渗透直饮机用户手册.pdf,../ERO150-3反渗透直饮机用户手册.pdf,1,,"的附件是否完整。 1、将包装打开，取出主机及零件包。 2、检查整机机身、包装箱及保修联的序列号是否一致。 3、确认整机的摆放位置及空间并预留一个两脚插座。 4、确认进水水压，水压要求为：0.1-0.4MPa。 在安装前需关闭进水水源，以免发生漏水现象。 3/8""防落夹 冷水软管 密封垫 密封垫 冷水阀 3/8""蓝色PE管 三通球阀 7 三、"
ERO151-3,ERO151-3 152-3反渗透纯水机说明书,反渗透净水机,反渗透净水机,未在可识别正文中找到明确产品组件清单,"主机
零件包",not_found,,found,包装箱内,ERO151-3 152-3反渗透纯水机说明书.pdf,../ERO151-3 152-3反渗透纯水机说明书.pdf,1,,"的附件是否完整。 1、将包装打开，取出主机及零件包。 2、检查整机机身、包装箱及保修联的序列号是否一致。 3、确认整机的摆放位置及空间并预留一个两脚插座。 4、确认进水水压，水压要求为：0.1-0.4MPa。 在安装前需关闭进水水源，以免发生漏水现象。 3/8""防落夹 冷水软管 密封垫 密封垫 冷水阀 3/8""蓝色PE管 三通球阀 7 三、"
ERO152-3,ERO151-3 152-3反渗透纯水机说明书,反渗透净水机,反渗透净水机,未在可识别正文中找到明确产品组件清单,"主机
零件包",not_found,,found,包装箱内,ERO151-3 152-3反渗透纯水机说明书.pdf,../ERO151-3 152-3反渗透纯水机说明书.pdf,1,,"的附件是否完整。 1、将包装打开，取出主机及零件包。 2、检查整机机身、包装箱及保修联的序列号是否一致。 3、确认整机的摆放位置及空间并预留一个两脚插座。 4、确认进水水压，水压要求为：0.1-0.4MPa。 在安装前需关闭进水水源，以免发生漏水现象。 3/8""防落夹 冷水软管 密封垫 密封垫 冷水阀 3/8""蓝色PE管 三通球阀 7 三、"
ERO161-162,ERO161-162 说明书重新排版 V23,反渗透净水机,反渗透净水机,未在可识别正文中找到明确产品组件清单,"主机
零件包",not_found,,found,包装箱内,ERO161-162 说明书重新排版 V23.pdf,../ERO161-162 说明书重新排版 V23.pdf,1,,"的附件是否完整。 1、将包装打开，取出主机及零件包。 2、检查整机机身、包装箱及保修联的序列号是否一致。 3、确认整机的摆放位置及空间并预留一个两脚插座。 4、确认进水水压，水压要求为：0.1-0.4MPa。 在安装前需关闭进水水源，以免发生漏水现象。 3/8""防落夹 冷水软管 密封垫 密封垫 冷水阀 3/8""白色PE管 三通球阀 7 三、"
ERO161,ERO161_162A OWNER'S MANUAL用户手册,反渗透净水机,反渗透净水机,未在可识别正文中找到明确产品组件清单,"主机
零件包",not_found,,found,包装箱内,ERO161_162A OWNER'S MANUAL用户手册.pdf,../ERO161_162A OWNER'S MANUAL用户手册.pdf,1,,"的附件是否完整。 1、将包装打开，取出主机及零件包。 2、检查整机机身、包装箱及保修联的序列号是否一致。 3、确认整机的摆放位置及空间并预留一个两脚插座。 4、确认进水水压，水压要求为：0.1-0.4MPa。 在安装前需关闭进水水源，以免发生漏水现象。 3/8""防落夹 冷水软管 密封垫 密封垫 冷水阀 3/8""白色PE管 三通球阀 7 三、"
ERO162A,ERO161_162A OWNER'S MANUAL用户手册,反渗透净水机,反渗透净水机,未在可识别正文中找到明确产品组件清单,"主机
零件包",not_found,,found,包装箱内,ERO161_162A OWNER'S MANUAL用户手册.pdf,../ERO161_162A OWNER'S MANUAL用户手册.pdf,1,,"的附件是否完整。 1、将包装打开，取出主机及零件包。 2、检查整机机身、包装箱及保修联的序列号是否一致。 3、确认整机的摆放位置及空间并预留一个两脚插座。 4、确认进水水压，水压要求为：0.1-0.4MPa。 在安装前需关闭进水水源，以免发生漏水现象。 3/8""防落夹 冷水软管 密封垫 密封垫 冷水阀 3/8""白色PE管 三通球阀 7 三、"
ERO162C,ERO162C OWNERS MANUAL工程款,反渗透净水机,工程款,未在可识别正文中找到明确产品组件清单,未在可识别正文中找到明确开箱配件或装箱清单,not_found,,not_found,,ERO162C OWNERS MANUAL工程款.pdf,../ERO162C OWNERS MANUAL工程款.pdf,1,,
ERO175-2,ERO175-2 OWNERS MANUAL,反渗透净水机,反渗透净水机,未在可识别正文中找到明确产品组件清单,"主机
零件包",not_found,,found,包装箱内,ERO175-2 OWNERS MANUAL.pdf,../ERO175-2 OWNERS MANUAL.pdf,1,,的附件是否完整。 1、将包装打开，取出主机及零件包。 2、检查整机机身、包装箱及保修联的序列号是否一致。 3、确认整机的摆放位置及空间并预留一个两孔插座。 4、确认进水水压，水压要求为：0.1-0.4MPa。 ⑦ 在安装前需关闭进水水源，以免发生漏水现象。 二、
ERO181,ERO181_185-188-2 OWNERS MANUAL RevC,反渗透净水机,反渗透净水机,未在可识别正文中找到明确产品组件清单,"主机
零件包",not_found,,found,包装箱内,ERO181_185-188-2 OWNERS MANUAL RevC.pdf,../ERO181_185-188-2 OWNERS MANUAL RevC.pdf,1,,"的附件是否完整。 1、将包装打开，取出主机及零件包。 2、检查整机机身、包装箱及保修联的序列号是否一致。 3、确认整机的摆放位置及空间并预留一个两孔插座。 4、确认进水水压，水压要求为：0.1-0.4MPa。 在安装前需关闭进水水源，以免发生漏水现象。 3/8""防落夹 冷水软管 密封垫 密封垫 冷水阀 3/8""白色PE管 三通球阀 8 三、"
185-188-2,ERO181_185-188-2 OWNERS MANUAL RevC,反渗透净水机,反渗透净水机,未在可识别正文中找到明确产品组件清单,"主机
零件包",not_found,,found,包装箱内,ERO181_185-188-2 OWNERS MANUAL RevC.pdf,../ERO181_185-188-2 OWNERS MANUAL RevC.pdf,1,,"的附件是否完整。 1、将包装打开，取出主机及零件包。 2、检查整机机身、包装箱及保修联的序列号是否一致。 3、确认整机的摆放位置及空间并预留一个两孔插座。 4、确认进水水压，水压要求为：0.1-0.4MPa。 在安装前需关闭进水水源，以免发生漏水现象。 3/8""防落夹 冷水软管 密封垫 密封垫 冷水阀 3/8""白色PE管 三通球阀 8 三、"
ERO195-2,ERO195-2/ERO198-2型双出水净水机,反渗透净水机,反渗透净水机,未在可识别正文中找到明确产品组件清单,未在可识别正文中找到明确开箱配件或装箱清单,not_found,,not_found,,ERO195-2_ERO198-2型双出水净水机.pdf,../ERO195-2_ERO198-2型双出水净水机.pdf,1,,
ERO198-2,ERO195-2/ERO198-2型双出水净水机,反渗透净水机,反渗透净水机,未在可识别正文中找到明确产品组件清单,未在可识别正文中找到明确开箱配件或装箱清单,not_found,,not_found,,ERO195-2_ERO198-2型双出水净水机.pdf,../ERO195-2_ERO198-2型双出水净水机.pdf,1,,
ERO201-3,ERO201-3 纯E系列RO,反渗透净水机,纯E系列,"•150mm
机主体1台 2 滤芯3支（HYBRID CTO复合压缩活性炭滤芯，RO反渗透滤芯，CTO压缩活性炭滤芯）
水龙头及相关配件的组件包（限厨下型）
配件包 1份（不同颜色标记软管，油脂袋和管接头）
电源
说明书1本","（限厨下型）
配件包 1份（不同颜色标记软管，油脂袋和管接头）
电源
说明书1本 三．产品功能 以市政自来水为原水，经怡口牌 ERO201-3/ERO211-3型反渗透纯水机处理后，出水水质符合《生活饮用水 水质处理器卫生安全与功能评价规范 -反渗透...",found,产品组件,found,组件包,ERO201-3 纯E系列RO.pdf,../ERO201-3 纯E系列RO.pdf,1,•150mm 1. 机主体1台 2 滤芯3支（HYBRID CTO复合压缩活性炭滤芯，RO反渗透滤芯，CTO压缩活性炭滤芯） 3. 水龙头及相关配件的组件包（限厨下型） 4. 配件包 1份（不同颜色标记软管，油脂袋和管接头） 5. 电源 6. 说明书1本,（限厨下型） 4. 配件包 1份（不同颜色标记软管，油脂袋和管接头） 5. 电源 6. 说明书1本 三．产品功能 以市政自来水为原水，经怡口牌 ERO201-3/ERO211-3型反渗透纯水机处理后，出水水质符合《生活饮用水 水质处理器卫生安全与功能评价规范 -反渗透处理装置》（2001）的要求。 本产品为反渗透（RO）过滤装置。三根滤芯均需定期及时更换，确保日常新鲜优质纯水的供应。其前置滤芯 可滤除水中余氯产物及沉淀；中间一支为反渗透 RO 滤芯，通过这一特殊薄膜，可滤除水中的可溶性固体，有机物 及重金属；而后置
ERO208-3,ERO208-3 ERO218-3 owner manual,反渗透净水机,反渗透净水机,"•150mm
机主体1台 2 滤芯3支（HYBRID CTO复合压缩活性炭滤芯，RO反渗透滤芯，CTO压缩活性炭滤芯）
水龙头及相关配件的组件包（限厨下型）
配件包 1份（不同颜色标记软管，油脂袋和管接头）
电源
说明书1本","（限厨下型）
配件包 1份（不同颜色标记软管，油脂袋和管接头）
电源
说明书1本 三．产品功能 以市政自来水为原水，经怡口牌ERO208-3/ ERO218-3型反渗透纯水机处理后，出水水质符合《生活饮用水 水质处理器卫生安全与功能评价规范 -反渗透...",found,产品组件,found,组件包,ERO208-3 ERO218-3 owner manual.pdf,../ERO208-3 ERO218-3 owner manual.pdf,1,•150mm 1. 机主体1台 2 滤芯3支（HYBRID CTO复合压缩活性炭滤芯，RO反渗透滤芯，CTO压缩活性炭滤芯） 3. 水龙头及相关配件的组件包（限厨下型） 4. 配件包 1份（不同颜色标记软管，油脂袋和管接头） 5. 电源 6. 说明书1本,（限厨下型） 4. 配件包 1份（不同颜色标记软管，油脂袋和管接头） 5. 电源 6. 说明书1本 三．产品功能 以市政自来水为原水，经怡口牌ERO208-3/ ERO218-3型反渗透纯水机处理后，出水水质符合《生活饮用水 水质处理器卫生安全与功能评价规范 -反渗透处理装置》（2001）的要求。 本产品为反渗透（RO）过滤装置。三根滤芯均需定期及时更换，确保日常新鲜优质纯水的供应。其前置滤芯 可滤除水中余氯产物及沉淀；中间一支为反渗透 RO 滤芯，通过这一特殊薄膜，可滤除水中的可溶性固体，有机物 及重金属；而后置
ERO218-3,ERO208-3 ERO218-3 owner manual,反渗透净水机,反渗透净水机,"•150mm
机主体1台 2 滤芯3支（HYBRID CTO复合压缩活性炭滤芯，RO反渗透滤芯，CTO压缩活性炭滤芯）
水龙头及相关配件的组件包（限厨下型）
配件包 1份（不同颜色标记软管，油脂袋和管接头）
电源
说明书1本","（限厨下型）
配件包 1份（不同颜色标记软管，油脂袋和管接头）
电源
说明书1本 三．产品功能 以市政自来水为原水，经怡口牌ERO208-3/ ERO218-3型反渗透纯水机处理后，出水水质符合《生活饮用水 水质处理器卫生安全与功能评价规范 -反渗透...",found,产品组件,found,组件包,ERO208-3 ERO218-3 owner manual.pdf,../ERO208-3 ERO218-3 owner manual.pdf,1,•150mm 1. 机主体1台 2 滤芯3支（HYBRID CTO复合压缩活性炭滤芯，RO反渗透滤芯，CTO压缩活性炭滤芯） 3. 水龙头及相关配件的组件包（限厨下型） 4. 配件包 1份（不同颜色标记软管，油脂袋和管接头） 5. 电源 6. 说明书1本,（限厨下型） 4. 配件包 1份（不同颜色标记软管，油脂袋和管接头） 5. 电源 6. 说明书1本 三．产品功能 以市政自来水为原水，经怡口牌ERO208-3/ ERO218-3型反渗透纯水机处理后，出水水质符合《生活饮用水 水质处理器卫生安全与功能评价规范 -反渗透处理装置》（2001）的要求。 本产品为反渗透（RO）过滤装置。三根滤芯均需定期及时更换，确保日常新鲜优质纯水的供应。其前置滤芯 可滤除水中余氯产物及沉淀；中间一支为反渗透 RO 滤芯，通过这一特殊薄膜，可滤除水中的可溶性固体，有机物 及重金属；而后置
ERO208-3S,ERO208-3S、ERO218-3S说明书,反渗透净水机,反渗透净水机,"•150mm
机主体1台 2 滤芯3支（HYBRID CTO复合压缩活性炭滤芯，RO反渗透滤芯，CTO压缩活性炭滤芯）
水龙头及相关配件的组件包（限厨下型）
配件包 1份（不同颜色标记软管，油脂袋和管接头）
电源
说明书1本","（限厨下型）
配件包 1份（不同颜色标记软管，油脂袋和管接头）
电源
说明书1本 三．产品功能 以市政自来水为原水，经怡口牌ERO208-3S/ERO218-3S型反渗透纯水机处理后，出水水质符合《生活饮用水 水质处理器卫生安全与功能评价规范 -反渗...",found,产品组件,found,组件包,ERO208-3S、ERO218-3S说明书.pdf,../ERO208-3S、ERO218-3S说明书.pdf,1,•150mm 1. 机主体1台 2 滤芯3支（HYBRID CTO复合压缩活性炭滤芯，RO反渗透滤芯，CTO压缩活性炭滤芯） 3. 水龙头及相关配件的组件包（限厨下型） 4. 配件包 1份（不同颜色标记软管，油脂袋和管接头） 5. 电源 6. 说明书1本,（限厨下型） 4. 配件包 1份（不同颜色标记软管，油脂袋和管接头） 5. 电源 6. 说明书1本 三．产品功能 以市政自来水为原水，经怡口牌ERO208-3S/ERO218-3S型反渗透纯水机处理后，出水水质符合《生活饮用水 水质处理器卫生安全与功能评价规范 -反渗透处理装置》（2001）的要求。 本产品为反渗透（RO）过滤装置。三根滤芯均需定期及时更换，确保日常新鲜优质纯水的供应。其前置滤芯 可滤除水中余氯产物及沉淀；中间一支为反渗透 RO 滤芯，通过这一特殊薄膜，可滤除水中的可溶性固体，有机物 及重金属；而后
ERO218-3S,ERO208-3S、ERO218-3S说明书,反渗透净水机,反渗透净水机,"•150mm
机主体1台 2 滤芯3支（HYBRID CTO复合压缩活性炭滤芯，RO反渗透滤芯，CTO压缩活性炭滤芯）
水龙头及相关配件的组件包（限厨下型）
配件包 1份（不同颜色标记软管，油脂袋和管接头）
电源
说明书1本","（限厨下型）
配件包 1份（不同颜色标记软管，油脂袋和管接头）
电源
说明书1本 三．产品功能 以市政自来水为原水，经怡口牌ERO208-3S/ERO218-3S型反渗透纯水机处理后，出水水质符合《生活饮用水 水质处理器卫生安全与功能评价规范 -反渗...",found,产品组件,found,组件包,ERO208-3S、ERO218-3S说明书.pdf,../ERO208-3S、ERO218-3S说明书.pdf,1,•150mm 1. 机主体1台 2 滤芯3支（HYBRID CTO复合压缩活性炭滤芯，RO反渗透滤芯，CTO压缩活性炭滤芯） 3. 水龙头及相关配件的组件包（限厨下型） 4. 配件包 1份（不同颜色标记软管，油脂袋和管接头） 5. 电源 6. 说明书1本,（限厨下型） 4. 配件包 1份（不同颜色标记软管，油脂袋和管接头） 5. 电源 6. 说明书1本 三．产品功能 以市政自来水为原水，经怡口牌ERO208-3S/ERO218-3S型反渗透纯水机处理后，出水水质符合《生活饮用水 水质处理器卫生安全与功能评价规范 -反渗透处理装置》（2001）的要求。 本产品为反渗透（RO）过滤装置。三根滤芯均需定期及时更换，确保日常新鲜优质纯水的供应。其前置滤芯 可滤除水中余氯产物及沉淀；中间一支为反渗透 RO 滤芯，通过这一特殊薄膜，可滤除水中的可溶性固体，有机物 及重金属；而后
ERO211-3,ERO211-3 纯E系列RO,反渗透净水机,纯E系列,"•150mm
机主体1台 2 滤芯3支（HYBRID CTO复合压缩活性炭滤芯，RO反渗透滤芯，CTO压缩活性炭滤芯）
水龙头及相关配件的组件包（限厨下型）
配件包 1份（不同颜色标记软管，油脂袋和管接头）
电源
说明书1本","（限厨下型）
配件包 1份（不同颜色标记软管，油脂袋和管接头）
电源
说明书1本 三．产品功能 以市政自来水为原水，经怡口牌 ERO201-3/ERO211-3型反渗透纯水机处理后，出水水质符合《生活饮用水 水质处理器卫生安全与功能评价规范 -反渗透...",found,产品组件,found,组件包,ERO211-3 纯E系列RO.pdf,../ERO211-3 纯E系列RO.pdf,1,•150mm 1. 机主体1台 2 滤芯3支（HYBRID CTO复合压缩活性炭滤芯，RO反渗透滤芯，CTO压缩活性炭滤芯） 3. 水龙头及相关配件的组件包（限厨下型） 4. 配件包 1份（不同颜色标记软管，油脂袋和管接头） 5. 电源 6. 说明书1本,（限厨下型） 4. 配件包 1份（不同颜色标记软管，油脂袋和管接头） 5. 电源 6. 说明书1本 三．产品功能 以市政自来水为原水，经怡口牌 ERO201-3/ERO211-3型反渗透纯水机处理后，出水水质符合《生活饮用水 水质处理器卫生安全与功能评价规范 -反渗透处理装置》（2001）的要求。 本产品为反渗透（RO）过滤装置。三根滤芯均需定期及时更换，确保日常新鲜优质纯水的供应。其前置滤芯 可滤除水中余氯产物及沉淀；中间一支为反渗透 RO 滤芯，通过这一特殊薄膜，可滤除水中的可溶性固体，有机物 及重金属；而后置
ERO216-3,ERO216-3 纯E系列RO,反渗透净水机,纯E系列,未在可识别正文中找到明确产品组件清单,未在可识别正文中找到明确开箱配件或装箱清单,not_found,,not_found,,ERO216-3 纯E系列RO.pdf,../ERO216-3 纯E系列RO.pdf,1,,
ERO220-3,ERO220-3 ERO270-3 Owner Manual,反渗透净水机,反渗透净水机,机主体1台 滤芯3支（聚丙烯压缩活性炭复合滤芯，RO反渗透滤芯，CTO压缩活性炭滤芯） 水龙头及相关配件的组件包（限厨下型） 配件包 1份（不同颜色标记软管，油脂袋和管接头） 电源,"（限厨下型）
配件包
1份（不同颜色标记软管
油脂袋和管接头）
电源",found,产品组件,found,组件包,ERO220-3 ERO270-3 Owner Manual.pdf,../ERO220-3 ERO270-3 Owner Manual.pdf,1,1. 2 3. 4. 5. 机主体1台 滤芯3支（聚丙烯压缩活性炭复合滤芯，RO反渗透滤芯，CTO压缩活性炭滤芯） 水龙头及相关配件的组件包（限厨下型） 配件包 1份（不同颜色标记软管，油脂袋和管接头） 电源,（限厨下型） 配件包 1份（不同颜色标记软管，油脂袋和管接头） 电源 三．产品功能 以市政自来水为原水，经反渗透纯水机处理后，出水水质符合《生活饮用水水质处理器卫生安全与功能评价规范 -反渗透处理装置》（2001）的要求。 本产品为反渗透（RO）过滤装置。三根滤芯均需定期及时更换，确保日常新鲜优质纯水的供应。其前置滤芯 可滤除水中余氯产物及沉淀；中间一支为反渗透 RO 滤芯，通过这一特殊薄膜，可滤除水中的可溶性固体，有机物 及重金属；而后置滤芯滤除其他异味，改善口感。经过此处理后，味醇质优的纯水被直接输送至直饮水龙
ERO270-3,ERO220-3 ERO270-3 Owner Manual,反渗透净水机,反渗透净水机,机主体1台 滤芯3支（聚丙烯压缩活性炭复合滤芯，RO反渗透滤芯，CTO压缩活性炭滤芯） 水龙头及相关配件的组件包（限厨下型） 配件包 1份（不同颜色标记软管，油脂袋和管接头） 电源,"（限厨下型）
配件包
1份（不同颜色标记软管
油脂袋和管接头）
电源",found,产品组件,found,组件包,ERO220-3 ERO270-3 Owner Manual.pdf,../ERO220-3 ERO270-3 Owner Manual.pdf,1,1. 2 3. 4. 5. 机主体1台 滤芯3支（聚丙烯压缩活性炭复合滤芯，RO反渗透滤芯，CTO压缩活性炭滤芯） 水龙头及相关配件的组件包（限厨下型） 配件包 1份（不同颜色标记软管，油脂袋和管接头） 电源,（限厨下型） 配件包 1份（不同颜色标记软管，油脂袋和管接头） 电源 三．产品功能 以市政自来水为原水，经反渗透纯水机处理后，出水水质符合《生活饮用水水质处理器卫生安全与功能评价规范 -反渗透处理装置》（2001）的要求。 本产品为反渗透（RO）过滤装置。三根滤芯均需定期及时更换，确保日常新鲜优质纯水的供应。其前置滤芯 可滤除水中余氯产物及沉淀；中间一支为反渗透 RO 滤芯，通过这一特殊薄膜，可滤除水中的可溶性固体，有机物 及重金属；而后置滤芯滤除其他异味，改善口感。经过此处理后，味醇质优的纯水被直接输送至直饮水龙
ERO220-3N,ERO220-3N/ERO270-3N型反渗透纯水机,反渗透净水机,反渗透净水机,机主体1台 滤芯3支（聚丙烯压缩活性炭复合滤芯，RO反渗透滤芯，CTO压缩活性炭滤芯） 水龙头及相关配件的组件包（限厨下型） 配件包 1份（不同颜色标记软管，油脂袋和管接头） 电源...,"（限厨下型）
配件包
1份（不同颜色标记软管
油脂袋和管接头）
电源
GM130-24005005DE-30D60",found,产品组件,found,组件包,ERO220-3N_ERO270-3N型反渗透纯水机.pdf,../ERO220-3N_ERO270-3N型反渗透纯水机.pdf,1,1. 2 3. 4. 5. 机主体1台 滤芯3支（聚丙烯压缩活性炭复合滤芯，RO反渗透滤芯，CTO压缩活性炭滤芯） 水龙头及相关配件的组件包（限厨下型） 配件包 1份（不同颜色标记软管，油脂袋和管接头） 电源 GM130-24005005DE-30D60,（限厨下型） 配件包 1份（不同颜色标记软管，油脂袋和管接头） 电源 GM130-24005005DE-30D60 三•产品功能 以市政自来水为原水，经反渗透纯水机处理后，出水水质符合《生活饮用水水质处理器卫生安全与功能评价规范 -反渗透处理装置》（2001）的要求。 本产品为反渗透（RO）过滤装置。三根滤芯均需定期及时更换，确保日常新鲜优质纯水的供应。其前置滤芯 可滤除水中余氯产物及沉淀；中间一支为反渗透 RO 滤芯，通过这一特殊薄膜，可滤除水中的可溶性固体，有机物 及重金属；而后置滤芯滤除其他异味，改善口感。经
ERO270-3N,ERO220-3N/ERO270-3N型反渗透纯水机,反渗透净水机,反渗透净水机,机主体1台 滤芯3支（聚丙烯压缩活性炭复合滤芯，RO反渗透滤芯，CTO压缩活性炭滤芯） 水龙头及相关配件的组件包（限厨下型） 配件包 1份（不同颜色标记软管，油脂袋和管接头） 电源...,"（限厨下型）
配件包
1份（不同颜色标记软管
油脂袋和管接头）
电源
GM130-24005005DE-30D60",found,产品组件,found,组件包,ERO220-3N_ERO270-3N型反渗透纯水机.pdf,../ERO220-3N_ERO270-3N型反渗透纯水机.pdf,1,1. 2 3. 4. 5. 机主体1台 滤芯3支（聚丙烯压缩活性炭复合滤芯，RO反渗透滤芯，CTO压缩活性炭滤芯） 水龙头及相关配件的组件包（限厨下型） 配件包 1份（不同颜色标记软管，油脂袋和管接头） 电源 GM130-24005005DE-30D60,（限厨下型） 配件包 1份（不同颜色标记软管，油脂袋和管接头） 电源 GM130-24005005DE-30D60 三•产品功能 以市政自来水为原水，经反渗透纯水机处理后，出水水质符合《生活饮用水水质处理器卫生安全与功能评价规范 -反渗透处理装置》（2001）的要求。 本产品为反渗透（RO）过滤装置。三根滤芯均需定期及时更换，确保日常新鲜优质纯水的供应。其前置滤芯 可滤除水中余氯产物及沉淀；中间一支为反渗透 RO 滤芯，通过这一特殊薄膜，可滤除水中的可溶性固体，有机物 及重金属；而后置滤芯滤除其他异味，改善口感。经
ERO226-3,ERO226-3 纯E系列RO,反渗透净水机,纯E系列,未在可识别正文中找到明确产品组件清单,未在可识别正文中找到明确开箱配件或装箱清单,not_found,,not_found,,ERO226-3 纯E系列RO.pdf,../ERO226-3 纯E系列RO.pdf,1,,
ERO231-3,ERO231-3 Slim S1 (天猫渠道),反渗透净水机,Slim S1,未在可识别正文中找到明确产品组件清单,未在可识别正文中找到明确开箱配件或装箱清单,not_found,,not_found,,ERO231-3 Slim S1 (天猫渠道).pdf,../ERO231-3 Slim S1 (天猫渠道).pdf,1,,
S1,ERO231-3 Slim S1 (天猫渠道),反渗透净水机,Slim S1,未在可识别正文中找到明确产品组件清单,未在可识别正文中找到明确开箱配件或装箱清单,not_found,,not_found,,ERO231-3 Slim S1 (天猫渠道).pdf,../ERO231-3 Slim S1 (天猫渠道).pdf,2,,
ERO232-3,ERO232-3 Slim S1 (京东渠道),反渗透净水机,Slim S1,未在可识别正文中找到明确产品组件清单,未在可识别正文中找到明确开箱配件或装箱清单,not_found,,not_found,,ERO232-3 Slim S1 (京东渠道).pdf,../ERO232-3 Slim S1 (京东渠道).pdf,1,,
S1,ERO232-3 Slim S1 (京东渠道),反渗透净水机,Slim S1,未在可识别正文中找到明确产品组件清单,未在可识别正文中找到明确开箱配件或装箱清单,not_found,,not_found,,ERO232-3 Slim S1 (京东渠道).pdf,../ERO232-3 Slim S1 (京东渠道).pdf,2,,
ERO263-3,ERO263-3反渗透纯水机产品说明书,反渗透净水机,反渗透净水机,"机主体1台
滤芯3支（颗粒活性炭滤芯组件，反渗透滤芯组件，压缩活性炭滤芯组件）
鹅颈龙头及相关配件的组件包
PE管及粗滤器扳手 5 电源适配器
说明书1份（含硅油包） 7． 金属三通球阀及粗滤器","PE管及粗滤器扳手 5 电源适配器
说明书1份（含硅油包） 7． 金属三通球阀及粗滤器 三．产品功能 以市政自来水为原水，经怡口牌 ERO263-3型反渗透纯水机处理后，出水水质符合《生活饮用水水质处理器卫 生安全与...",found,产品组件,found,组件包,ERO263-3反渗透纯水机产品说明书.pdf,../ERO263-3反渗透纯水机产品说明书.pdf,1,1. 机主体1台 2. 滤芯3支（颗粒活性炭滤芯组件，反渗透滤芯组件，压缩活性炭滤芯组件） 3. 鹅颈龙头及相关配件的组件包 4. PE管及粗滤器扳手 5 电源适配器 6. 说明书1份（含硅油包） 7． 金属三通球阀及粗滤器,4. PE管及粗滤器扳手 5 电源适配器 6. 说明书1份（含硅油包） 7． 金属三通球阀及粗滤器 三．产品功能 以市政自来水为原水，经怡口牌 ERO263-3型反渗透纯水机处理后，出水水质符合《生活饮用水水质处理器卫 生安全与功能评价规范-反渗透处理装置》（2001）的要求。 本产品为反渗透（RO）过滤装置。三根滤芯均需定期及时更换，确保日常新鲜优质纯水的供应。其前置滤芯 可滤除水中余氯产物及沉淀；中间一支为反渗透 RO 滤芯，通过这一特殊薄膜，可滤除水中的可溶性固体，有机物 及重金属；而后置滤芯滤除其他异味，改
ERO265-3,ERO265-3 Slim S-Pro (电商渠道),反渗透净水机,电商渠道,未在可识别正文中找到明确产品组件清单,未在可识别正文中找到明确开箱配件或装箱清单,not_found,,not_found,,ERO265-3 Slim S-Pro (电商渠道).pdf,../ERO265-3 Slim S-Pro (电商渠道).pdf,1,,
ERO275-3,ERO275-3型反渗透纯水机,反渗透净水机,反渗透净水机,未在可识别正文中找到明确产品组件清单,未在可识别正文中找到明确开箱配件或装箱清单,not_found,,not_found,,ERO275-3型反渗透纯水机.pdf,../ERO275-3型反渗透纯水机.pdf,1,,
ERO311-4-UC,ERO311-4-UC 纯饮智享,反渗透净水机,纯饮,"RO 机主体 1 台
滤芯 4 支 ( 含 2 支 RO 膜 )
水龙头及相关配件的组件包 ( 限厨下型 )
配件包 1 份 (4 分进出转 3 分三通连体阀，PE 管 )
说明书 1 本 三 .","( 限厨下型 )
配件包 1 份 (4 分进出转 3 分三通连体阀，PE 管 )
说明书 1 本 三 . 产品功能 以市政自来水为原水 , 经怡口牌 ERO311-4-UC 型 /ERO311-4-CT 型反渗透纯水机处理后 , 出水水质符合 《生活饮用水水质处...",found,产品组件,found,组件包,ERO311-4-UC 纯饮智享.pdf,../ERO311-4-UC 纯饮智享.pdf,1,1. RO 机主体 1 台 2. 滤芯 4 支 ( 含 2 支 RO 膜 ) 3. 水龙头及相关配件的组件包 ( 限厨下型 ) 4. 配件包 1 份 (4 分进出转 3 分三通连体阀，PE 管 ) 5. 说明书 1 本 三 .,"( 限厨下型 ) 4. 配件包 1 份 (4 分进出转 3 分三通连体阀，PE 管 ) 5. 说明书 1 本 三 . 产品功能 以市政自来水为原水 , 经怡口牌 ERO311-4-UC 型 /ERO311-4-CT 型反渗透纯水机处理后 , 出水水质符合 《生活饮用水水质处理器卫生安全与功能评价规范 - 反渗透处理装置》（2001）的要求。 本产品为反渗透（RO）过滤装置。四根滤芯均需定期及时更换，确保日常新鲜优质纯水的供应。其前置滤芯 可滤除水中余氯产物及沉淀物；中间兩支为反渗透 RO 滤芯，通过这一特殊薄膜，可"
ERO615-3,ERO615-3 ERO630-3反渗透纯水机说明书,反渗透净水机,反渗透净水机,"净水1
2”
绿色管
•废水1
4’红色管
壋压泵
纯水出水3
8”蓝色管
进水1
2”黄色管
进水电磁阀
低压开关
高压开关』
废水电磁阀
HYBRID
CTO复合压缩活性炭滤芯
RO反渗透滤芯
CTO压缩活性炭滤芯
数显龙头
此产品配有标准的出水龙头部件
适合安装于厨房或浴室的下部空间
且必须安装在留有冷水管及排水点的位置
（包括1.5米的配管长度）。如果距离更远
您可以购买更长的适用输送饮用水的管线
高压开关
止运转
此产品中的高压开关可以防止增压水泵满转
关闭出水龙头直饮水端达到设定的压力时自动切断电源使整机停
增压泵
此产品中的增压泵能在较低的进水压力下快速出水","PE管
电源适配器 6.说明书1份（含硅油包） 三 产品功能 以市政自来水为原水，经怡口牌双出水净水机处理后，净水水质符合《生活饮用水水质处理器卫生安全与功 能评价规范-一般水质处理器》（...",found,结构示意图,found,组件包,ERO615-3 ERO630-3反渗透纯水机说明书.pdf,../ERO615-3 ERO630-3反渗透纯水机说明书.pdf,1,净水1/2” 绿色管 •废水1/4’红色管 壋压泵 纯水出水3/8”蓝色管 进水1/2”黄色管 进水电磁阀 低压开关 高压开关』 废水电磁阀 HYBRID CTO复合压缩活性炭滤芯 RO反渗透滤芯 CTO压缩活性炭滤芯 • 数显龙头 此产品配有标准的出水龙头部件，适合安装于厨房或浴室的下部空间，且必须安装在留有冷水管及排水点的位置 （包括1.5米的配管长度）。如果距离更远，您可以购买更长的适用输送饮用水的管线。 • 高压开关 止运转。 此产品中的高压开关可以防止增压水泵满转，关闭出水龙头直饮水端达到设定的压力时自动,4. PE管 5. 电源适配器 6.说明书1份（含硅油包） 三 产品功能 以市政自来水为原水，经怡口牌双出水净水机处理后，净水水质符合《生活饮用水水质处理器卫生安全与功 能评价规范-一般水质处理器》（2001）的要求，纯水水质符合《生活饮用水水质处理器卫生安全与功能评价规 范-反渗透处理装置》（2001）的要求。 本产品为反渗透（RO）过滤装置。三根滤芯均需定期及时更换，确保日常新鲜优质纯水的供应。其前置滤芯 可滤除水中余氯产物及沉淀，并可输送至原有厨房龙头，供生活用水用；中间一支內反渗透RO滤芯，通过这一特 殊薄
ERO630-3,ERO615-3 ERO630-3反渗透纯水机说明书,反渗透净水机,反渗透净水机,"净水1
2”
绿色管
•废水1
4’红色管
壋压泵
纯水出水3
8”蓝色管
进水1
2”黄色管
进水电磁阀
低压开关
高压开关』
废水电磁阀
HYBRID
CTO复合压缩活性炭滤芯
RO反渗透滤芯
CTO压缩活性炭滤芯
数显龙头
此产品配有标准的出水龙头部件
适合安装于厨房或浴室的下部空间
且必须安装在留有冷水管及排水点的位置
（包括1.5米的配管长度）。如果距离更远
您可以购买更长的适用输送饮用水的管线
高压开关
止运转
此产品中的高压开关可以防止增压水泵满转
关闭出水龙头直饮水端达到设定的压力时自动切断电源使整机停
增压泵
此产品中的增压泵能在较低的进水压力下快速出水","PE管
电源适配器 6.说明书1份（含硅油包） 三 产品功能 以市政自来水为原水，经怡口牌双出水净水机处理后，净水水质符合《生活饮用水水质处理器卫生安全与功 能评价规范-一般水质处理器》（...",found,结构示意图,found,组件包,ERO615-3 ERO630-3反渗透纯水机说明书.pdf,../ERO615-3 ERO630-3反渗透纯水机说明书.pdf,1,净水1/2” 绿色管 •废水1/4’红色管 壋压泵 纯水出水3/8”蓝色管 进水1/2”黄色管 进水电磁阀 低压开关 高压开关』 废水电磁阀 HYBRID CTO复合压缩活性炭滤芯 RO反渗透滤芯 CTO压缩活性炭滤芯 • 数显龙头 此产品配有标准的出水龙头部件，适合安装于厨房或浴室的下部空间，且必须安装在留有冷水管及排水点的位置 （包括1.5米的配管长度）。如果距离更远，您可以购买更长的适用输送饮用水的管线。 • 高压开关 止运转。 此产品中的高压开关可以防止增压水泵满转，关闭出水龙头直饮水端达到设定的压力时自动,4. PE管 5. 电源适配器 6.说明书1份（含硅油包） 三 产品功能 以市政自来水为原水，经怡口牌双出水净水机处理后，净水水质符合《生活饮用水水质处理器卫生安全与功 能评价规范-一般水质处理器》（2001）的要求，纯水水质符合《生活饮用水水质处理器卫生安全与功能评价规 范-反渗透处理装置》（2001）的要求。 本产品为反渗透（RO）过滤装置。三根滤芯均需定期及时更换，确保日常新鲜优质纯水的供应。其前置滤芯 可滤除水中余氯产物及沉淀，并可输送至原有厨房龙头，供生活用水用；中间一支內反渗透RO滤芯，通过这一特 殊薄
ERO615-3L,ERO615-3L、ERO630-3L说明书,反渗透净水机,反渗透净水机,"主机1台
滤芯3支（HYBRID CTO复合压缩活性炭滤芯，RO反渗透滤芯，CTO压缩活性炭滤芯）
7字型龙头及相关配件的组件包
PE管
电源适配器 6.说明书1份（含硅油包） 三","PE管
电源适配器 6.说明书1份（含硅油包） 三 产品功能 以市政自来水为原水，经怡口牌双出水净水机处理后，净水水质符合《生活饮用水水质处理器卫生安全与功 能评价规范-一般水质处理器》（...",found,产品组件,found,组件包,ERO615-3L、ERO630-3L说明书.pdf,../ERO615-3L、ERO630-3L说明书.pdf,1,1. 主机1台 2. 滤芯3支（HYBRID CTO复合压缩活性炭滤芯，RO反渗透滤芯，CTO压缩活性炭滤芯） 3. 7字型龙头及相关配件的组件包 4. PE管 5. 电源适配器 6.说明书1份（含硅油包） 三,4. PE管 5. 电源适配器 6.说明书1份（含硅油包） 三 产品功能 以市政自来水为原水，经怡口牌双出水净水机处理后，净水水质符合《生活饮用水水质处理器卫生安全与功 能评价规范-一般水质处理器》（2001）的要求，纯水水质符合《生活饮用水水质处理器卫生安全与功能评价规 范-反渗透处理装置》（2001）的要求。 本产品为反渗透（RO）过滤装置。三根滤芯均需定期及时更换，确保日常新鲜优质纯水的供应。其前置滤芯 可滤除水中余氯产物及沉淀，并可输送至原有厨房龙头，供生活用水用；中间一支內反渗透RO滤芯，通过这一特 殊薄
ERO630-3L,ERO615-3L、ERO630-3L说明书,反渗透净水机,反渗透净水机,"主机1台
滤芯3支（HYBRID CTO复合压缩活性炭滤芯，RO反渗透滤芯，CTO压缩活性炭滤芯）
7字型龙头及相关配件的组件包
PE管
电源适配器 6.说明书1份（含硅油包） 三","PE管
电源适配器 6.说明书1份（含硅油包） 三 产品功能 以市政自来水为原水，经怡口牌双出水净水机处理后，净水水质符合《生活饮用水水质处理器卫生安全与功 能评价规范-一般水质处理器》（...",found,产品组件,found,组件包,ERO615-3L、ERO630-3L说明书.pdf,../ERO615-3L、ERO630-3L说明书.pdf,1,1. 主机1台 2. 滤芯3支（HYBRID CTO复合压缩活性炭滤芯，RO反渗透滤芯，CTO压缩活性炭滤芯） 3. 7字型龙头及相关配件的组件包 4. PE管 5. 电源适配器 6.说明书1份（含硅油包） 三,4. PE管 5. 电源适配器 6.说明书1份（含硅油包） 三 产品功能 以市政自来水为原水，经怡口牌双出水净水机处理后，净水水质符合《生活饮用水水质处理器卫生安全与功 能评价规范-一般水质处理器》（2001）的要求，纯水水质符合《生活饮用水水质处理器卫生安全与功能评价规 范-反渗透处理装置》（2001）的要求。 本产品为反渗透（RO）过滤装置。三根滤芯均需定期及时更换，确保日常新鲜优质纯水的供应。其前置滤芯 可滤除水中余氯产物及沉淀，并可输送至原有厨房龙头，供生活用水用；中间一支內反渗透RO滤芯，通过这一特 殊薄
EROK01-3,EROK01-3型双出水净水机,反渗透净水机,反渗透净水机,主机1台 滤芯3支（聚丙烯压缩活性炭复合滤芯，RO反渗透滤芯，CTO压缩活性炭滤芯） 水龙头及相关配件的组件包（限厨下型） 配件包 1份（不同颜色标记软管，油脂袋和管接头） 电源：...,"（限厨下型）
配件包
1份（不同颜色标记软管
油脂袋和管接头）
电源：GM200-36005505BE-30B05",found,产品组件,found,组件包,EROK01-3型双出水净水机.pdf,../EROK01-3型双出水净水机.pdf,1,1. 2 3. 4. 5. 主机1台 滤芯3支（聚丙烯压缩活性炭复合滤芯，RO反渗透滤芯，CTO压缩活性炭滤芯） 水龙头及相关配件的组件包（限厨下型） 配件包 1份（不同颜色标记软管，油脂袋和管接头） 电源：GM200-36005505BE-30B05,（限厨下型） 配件包 1份（不同颜色标记软管，油脂袋和管接头） 电源：GM200-36005505BE-30B05 三•产品功能 以市政自来水为原水，经双出水净水机处理后，净水水质符合《生活饮用水水质处理器卫生安全与功能评价规 范-一般水质处理器》（2001）的要求，纯水水质符合《生活饮用水水质处理器卫生安全与功能评价规范-反渗透处理装 置》（2001）的要求 本产品为反渗透（RO）过滤装置。三根滤芯均需定期及时更换，确保日常新鲜优质纯水的供应。其前置滤芯可滤除 水中余氯产物及沉淀；中间一支为反渗透 RO 滤芯，通
ERR3500 R20,ERR3500 R20 柔净智多星标准型,其他,柔净,"软水
市政进水
盐阀
吸盐阀
阀体
颗粒活性炭
树脂雄
树脂
36","组装和安装所需小零件/零配件袋
本说明书/本手册",found,结构示意图,found,开箱,ERR3500 R20 柔净智多星标准型.pdf,../ERR3500 R20 柔净智多星标准型.pdf,1,软水 市政进水 盐阀 吸盐阀 阀体 颗粒活性炭 树脂雄 树脂 36 注意事项 F9OWTFR 六、注意事项 • 正常情况下，ERR3500R20 型软水机每使用3m3市政自来水后用软水机专用盐再生一次，再生时 将不含碘的盐加入盐箱内，控制阀会自动完成树脂的再生和冲洗。ERR3500R20 型软水机每使用 15m3市政自来水，后需要更换树脂或活性炭，如需更换树脂或活性炭请联系本公司技师。 • 软水机电源请勿随意断电，停电发生后需重新设置反冲时间。 • 软水机长时间不用时，请不要切断电源，使软水机照常定时反冲。重新使用,及安装 FCOWATFR 二、开箱及安装 1. 开箱 一体式系统 R20、R30 装在一个大纸板箱中 从工厂发运。箱内包括装配和安装该装置所需零 配件袋，以及本手册。 分体式系统 R40装在两个纸板箱中从工厂发 运。一个纸箱包括树脂罐和控制器总成，另一个 纸箱中包含盐箱、盖子、装配和安装该装置所需 小型零配件袋，以及本手册。 彻底检查包装箱及怡口软水机，看是否有运 输损坏或是部件遗失。如果存在损坏，请通知运 输公司。怡口公司不负责运输中造成的损坏。 拆开所有包装材料。我们建议您在使用之前 不要打开小型零配件袋。所有
ERR3502 R30,ERR3502 R30 柔净双子星豪华型,其他,柔净,"ECR
3500R20
3500R30
ERR
3502R30
型号代码
HR20
HR30
HR20+
2H30+
滤料
钠型苯乙烯阳离子交换树脂
＋颗粒活性炭
滤料使用寿命＊（年）
3-5
净水流量
额定总净水流量
(m
20000
30000
15
18
再生周期
高容量树脂的数量
17
25
20
供水的最大硬度
(ppm)
684","组装和安装所需小零件/零配件袋
本说明书/本手册",found,结构示意图,found,开箱,ERR3502 R30 柔净双子星豪华型.pdf,../ERR3502 R30 柔净双子星豪华型.pdf,1,ECR 3500R20 ECR 3500R30 ERR 3500R20 ERR 3502R30 型号代码 HR20 HR30 HR20+ 2H30+ 滤料 钠型苯乙烯阳离子交换树脂 钠型苯乙烯阳离子交换树脂 ＋颗粒活性炭 滤料使用寿命＊（年） 3-5 净水流量 3 3.5 3 3.5 额定总净水流量 (m 3 ) 20000 30000 15 18 再生周期 (m 3 ) 3 3.5 3 3.5 高容量树脂的数量 ( 升 ) 17 25 20 25 供水的最大硬度 (ppm) 684 1026 855 1026 工,及安装 二、开箱及安装 1. 开箱 一体式系统 R20、R30 装在一个大纸板箱中 从工厂发运。箱内包括装配和安装该装置所需零 配件袋，以及本手册。 分体式系统 R40 装在两个纸板箱中从工厂发 运。一个纸箱包括树脂罐和控制器总成，另一个 纸箱中包含盐箱、盖子、装配和安装该装置所需 小型零配件袋，以及本手册。 彻底检查包装箱及怡口软水机，看是否有运 输损坏或是部件遗失。如果存在损坏，请通知运 输公司。怡口公司不负责运输中造成的损坏。 拆开所有包装材料。我们建议您在使用之前 不要打开小型零配件袋。所有型号需要的装配工
ES201-G,ES201-G（适用燃气热水器）,其他,其他,未在可识别正文中找到明确产品组件清单,未在可识别正文中找到明确开箱配件或装箱清单,not_found,,not_found,,ES201-G（适用燃气热水器）.pdf,../ES201-G（适用燃气热水器）.pdf,1,,
ES202-E,ES202-E （适用电热水器）,其他,其他,未在可识别正文中找到明确产品组件清单,未在可识别正文中找到明确开箱配件或装箱清单,not_found,,not_found,,ES202-E （适用电热水器）.pdf,../ES202-E （适用电热水器）.pdf,1,,
ESF007-M,ESF007-M前置说明书,前置过滤器,前置过滤器,"本产品的所有组件都包含在包装箱内，装箱清单如下： （1 前置过滤器主机（1只）
3分PE排污管（1根1.5m长）；管夹（2只）；卡夹（1只）
保修卡
合格证","前置过滤器主机（1只）
3分PE排污管（1根1.5m长）；管夹（2只）；卡夹（1只）
保修卡
合格证 三．产品功能 本产品怡口牌ESF007-M 型手动冲洗前置过滤器装置，需连接在房屋自来水总进水处，它能滤除自 来水源中大于40um 的悬浮颗粒并定期进行手动冲洗，将截获的污...",found,产品组件,found,装箱清单如下,ESF007-M前置说明书.pdf,../ESF007-M前置说明书.pdf,1,本产品的所有组件都包含在包装箱内，装箱清单如下： （1 前置过滤器主机（1只） （2） 3分PE排污管（1根1.5m长）；管夹（2只）；卡夹（1只） （3） 保修卡 （4） 合格证,（1 前置过滤器主机（1只） （2） 3分PE排污管（1根1.5m长）；管夹（2只）；卡夹（1只） （3） 保修卡 （4） 合格证 三．产品功能 本产品怡口牌ESF007-M 型手动冲洗前置过滤器装置，需连接在房屋自来水总进水处，它能滤除自 来水源中大于40um 的悬浮颗粒并定期进行手动冲洗，将截获的污垢从下部排水管冲出。 注意：本产品可用于减少水中含有的沙粒、砾石、碎屑、铁锈以及其他水中悬浮物。但如果水源中本身 含有粘性沉淀物，如淤泥、粘土等，您有必要定期将过滤器拆开并清洗里面的滤网（注明：滤网是耗材， 需定期清
ESF01-M,ESF01-M OWNERS MANUAL,前置过滤器,前置过滤器,"本产品的所有组件都包含在包装箱内，装箱清单如下
前置过滤器主机（1只）
3分PE排污管（1根1.5m长）；管夹（1只）；卡夹（1只）
保修卡（含合格证件）","前置过滤器主机（1只）
3分PE排污管（1根1.5m长）；管夹（1只）；卡夹（1只）
保修卡（含合格证件）
使用说明书（通用版） 三•产品功能 本产品怡口牌ESF01-M型手动冲洗前置过滤器装置，需连接在房屋自来水总进水处，它能滤除自 来水源中大于40um 的悬浮颗粒并定期进行手动冲洗...",found,产品组件,found,装箱清单如下,ESF01-M OWNERS MANUAL.pdf,../ESF01-M OWNERS MANUAL.pdf,1,本产品的所有组件都包含在包装箱内，装箱清单如下： （1）前置过滤器主机（1只） （2）3分PE排污管（1根1.5m长）；管夹（1只）；卡夹（1只） （3） 保修卡（含合格证件） （4）,（1）前置过滤器主机（1只） （2）3分PE排污管（1根1.5m长）；管夹（1只）；卡夹（1只） （3） 保修卡（含合格证件） （4）使用说明书（通用版） 三•产品功能 本产品怡口牌ESF01-M型手动冲洗前置过滤器装置，需连接在房屋自来水总进水处，它能滤除自 来水源中大于40um 的悬浮颗粒并定期进行手动冲洗，将截获的污垢从下部排水管冲出。 注意：本产品可用于减少水中含有的沙粒、砾石、碎屑、铁锈以及其他水中悬浮物。但如果水源中本身 含有粘性沉淀物，如淤泥、粘土等，您有必要定期将过滤器拆开并清洗里面的滤网（注明：滤
ESF02-M,ESF02-M 清滤宝基础型,前置过滤器,清滤宝,未在可识别正文中找到明确产品组件清单,未在可识别正文中找到明确开箱配件或装箱清单,not_found,,not_found,,ESF02-M 清滤宝基础型.pdf,../ESF02-M 清滤宝基础型.pdf,1,,
ESF05-M,ESF05-M 清滤宝标准型,前置过滤器,清滤宝,未在可识别正文中找到明确产品组件清单,未在可识别正文中找到明确开箱配件或装箱清单,not_found,,not_found,,ESF05-M 清滤宝标准型.pdf,../ESF05-M 清滤宝标准型.pdf,1,,
ESF08-M,ESF08-M手动前置过滤器说明书,前置过滤器,前置过滤器,"本产品的所有组件都包含在包装箱内，装箱清单如下： （1 前置过滤器主机（1只）
3分PE排污管（1根1.5m长）；管夹（2只）；卡夹（1只）
说明书（内含装箱单文字说明及","前置过滤器主机（1只）
3分PE排污管（1根1.5m长）；管夹（2只）；卡夹（1只）
说明书（内含装箱单文字说明及保修卡）
合格证",found,产品组件,found,装箱清单如下,ESF08-M手动前置过滤器说明书.pdf,../ESF08-M手动前置过滤器说明书.pdf,1,本产品的所有组件都包含在包装箱内，装箱清单如下： （1 前置过滤器主机（1只） （2） 3分PE排污管（1根1.5m长）；管夹（2只）；卡夹（1只） （3） 说明书（内含装箱单文字说明及,（1 前置过滤器主机（1只） （2） 3分PE排污管（1根1.5m长）；管夹（2只）；卡夹（1只） （3） 说明书（内含装箱单文字说明及保修卡） （4） 合格证
ESF10-A,ESF10-A 清滤宝智能加强型,前置过滤器,清滤宝,未在可识别正文中找到明确产品组件清单,未在可识别正文中找到明确开箱配件或装箱清单,not_found,,not_found,,ESF10-A 清滤宝智能加强型.pdf,../ESF10-A 清滤宝智能加强型.pdf,1,,
ESF100-M,ESF100-M 说明书,前置过滤器,前置过滤器,"本产品的所有组件都包含在包装箱内，装箱清单如下： （1 前置过滤器主机（1只）
3分PE排污管（1根1.5m长）；管夹（2只）；卡夹（1只）
说明书（内含装箱单文字说明及","前置过滤器主机（1只）
3分PE排污管（1根1.5m长）；管夹（2只）；卡夹（1只）
说明书（内含装箱单文字说明及保修卡）
合格证",found,产品组件,found,装箱清单如下,ESF100-M 说明书.pdf,../ESF100-M 说明书.pdf,1,本产品的所有组件都包含在包装箱内，装箱清单如下： （1 前置过滤器主机（1只） （2） 3分PE排污管（1根1.5m长）；管夹（2只）；卡夹（1只） （3） 说明书（内含装箱单文字说明及,（1 前置过滤器主机（1只） （2） 3分PE排污管（1根1.5m长）；管夹（2只）；卡夹（1只） （3） 说明书（内含装箱单文字说明及保修卡） （4） 合格证
ESF102-M,ESF102-M 清滤宝基础型,前置过滤器,清滤宝,"本产品的所有组件都包含在彩盒内，装箱清单如下
前置过滤器主机（1 只）
不锈钢固定支架与螺钉（1 付）
排污软管（1 根 1.5米）及抱箍（1 只）
扳手（1 只）
说明书（内含装箱清单文字说明及","前置过滤器主机（1 只）
不锈钢固定支架与螺钉（1 付）
排污软管（1 根 1.5米）及抱箍（1 只）
扳手（1 只）
说明书（内含装箱清单文字说明及",found,产品组件,found,装箱清单如下,ESF102-M 清滤宝基础型.pdf,../ESF102-M 清滤宝基础型.pdf,1,本产品的所有组件都包含在彩盒内，装箱清单如下： （1） 前置过滤器主机（1 只） （2） 不锈钢固定支架与螺钉（1 付） （3） 排污软管（1 根 1.5米）及抱箍（1 只） （4） 扳手（1 只） （5） 说明书（内含装箱清单文字说明及,（1） 前置过滤器主机（1 只） （2） 不锈钢固定支架与螺钉（1 付） （3） 排污软管（1 根 1.5米）及抱箍（1 只） （4） 扳手（1 只） （5） 说明书（内含装箱清单文字说明及
ESF105-M,ESF105-M手动前置过滤器说明书,前置过滤器,前置过滤器,未在可识别正文中找到明确产品组件清单,未在可识别正文中找到明确开箱配件或装箱清单,not_found,,not_found,,ESF105-M手动前置过滤器说明书.pdf,../ESF105-M手动前置过滤器说明书.pdf,1,,
ESF20-A,ESF20-A 清滤宝黑钻尊享型,前置过滤器,清滤宝,"怡口牌 ESF20-A&4'""型前置过滤器
前置过滤器主机（1 只）
不锈钢固定支架与螺钉（1 付）
排污软管（1 根 3 米）及抱箍（2 只）
扳手（1 只）
接头（2 套）
说明书（内含装箱清单文字说明及","文字说明及保修卡）
合格证
电源适配器 （单位：毫米 mm） 三 . 产品功能 本产品怡口牌 &4'""&4'""型前置过滤器装置，需连接在房屋自来水总进水处 ，它能滤除 ሱটඣჷᇏ的悬浮颗粒并...",found,产品组件,found,装箱清单,ESF20-A 清滤宝黑钻尊享型.pdf,../ESF20-A 清滤宝黑钻尊享型.pdf,1,"怡口牌 ESF20-A&4'""型前置过滤器 （1） 前置过滤器主机（1 只） （2） 不锈钢固定支架与螺钉（1 付） （3） 排污软管（1 根 3 米）及抱箍（2 只） （4） 扳手（1 只） （5） 接头（2 套） （6） 说明书（内含装箱清单文字说明及","文字说明及保修卡） （7） 合格证 （8） 电源适配器 （单位：毫米 mm） 三 . 产品功能 本产品怡口牌 &4'""&4'""型前置过滤器装置，需连接在房屋自来水总进水处 ，它能滤除 ሱটඣჷᇏ的悬浮颗粒并可设置 1 至 99 天周期自动清洗，将截获的污垢从排水管冲出。 注意：本产品可用于减少水中含有的沙粒、砾石、碎屑、铁锈以及其他水中悬浮物。但如果水源中本身 含有粘性沉淀物，如淤泥、粘土等，建议您选定清洗周期，将过滤器拆开并清洗里面的滤网（注明：滤 网是耗材，需定期清洗或更换，如有损坏，请及时更"
ESF21-A,ESF21-A 清滤宝黑钻尊享型,前置过滤器,清滤宝,"怡口牌 ESF20-A&4'""型前置过滤器
前置过滤器主机（1 只）
不锈钢固定支架与螺钉（1 付）
排污软管（1 根 3 米）及抱箍（2 只）
扳手（1 只）
接头（2 套）
说明书（内含装箱清单文字说明及","文字说明及保修卡）
合格证
电源适配器 （单位：毫米 mm） 三 . 产品功能 本产品怡口牌 &4'""&4'""型前置过滤器装置，需连接在房屋自来水总进水处 ，它能滤除 ሱটඣჷᇏ的悬浮颗粒并...",found,产品组件,found,装箱清单,ESF21-A 清滤宝黑钻尊享型.pdf,../ESF21-A 清滤宝黑钻尊享型.pdf,1,"怡口牌 ESF20-A&4'""型前置过滤器 （1） 前置过滤器主机（1 只） （2） 不锈钢固定支架与螺钉（1 付） （3） 排污软管（1 根 3 米）及抱箍（2 只） （4） 扳手（1 只） （5） 接头（2 套） （6） 说明书（内含装箱清单文字说明及","文字说明及保修卡） （7） 合格证 （8） 电源适配器 （单位：毫米 mm） 三 . 产品功能 本产品怡口牌 &4'""&4'""型前置过滤器装置，需连接在房屋自来水总进水处 ，它能滤除 ሱটඣჷᇏ的悬浮颗粒并可设置 1 至 99 天周期自动清洗，将截获的污垢从排水管冲出。 注意：本产品可用于减少水中含有的沙粒、砾石、碎屑、铁锈以及其他水中悬浮物。但如果水源中本身 含有粘性沉淀物，如淤泥、粘土等，建议您选定清洗周期，将过滤器拆开并清洗里面的滤网（注明：滤 网是耗材，需定期清洗或更换，如有损坏，请及时更"
ESF30-A,ESF30-A、ESF31-A全自动前置过滤器用户手册,前置过滤器,前置过滤器,"本产品的所有组件都包含在彩箱内，装箱清单如下： 1． 前置过滤器主机（1只）
不锈钢固定支架与螺钉（1付）
3分PE管（1根3米）及卡夹（2只）
扳手（1只）
接头（2套）
说明书（内含装箱清单文字说明及","1． 前置过滤器主机（1只）
不锈钢固定支架与螺钉（1付）
3分PE管（1根3米）及卡夹（2只）
扳手（1只）
接头（2套）
说明书（内含装箱清单文字说明及",found,产品组件,found,装箱清单如下,ESF30-A、ESF31-A全自动前置过滤器用户手册.pdf,../ESF30-A、ESF31-A全自动前置过滤器用户手册.pdf,1,本产品的所有组件都包含在彩箱内，装箱清单如下： 1． 前置过滤器主机（1只） 2. 不锈钢固定支架与螺钉（1付） 3. 3分PE管（1根3米）及卡夹（2只） 4. 扳手（1只） 5. 接头（2套） 6. 说明书（内含装箱清单文字说明及,1． 前置过滤器主机（1只） 2. 不锈钢固定支架与螺钉（1付） 3. 3分PE管（1根3米）及卡夹（2只） 4. 扳手（1只） 5. 接头（2套） 6. 说明书（内含装箱清单文字说明及
ESF31-A,ESF30-A、ESF31-A全自动前置过滤器用户手册,前置过滤器,前置过滤器,"本产品的所有组件都包含在彩箱内，装箱清单如下： 1． 前置过滤器主机（1只）
不锈钢固定支架与螺钉（1付）
3分PE管（1根3米）及卡夹（2只）
扳手（1只）
接头（2套）
说明书（内含装箱清单文字说明及","1． 前置过滤器主机（1只）
不锈钢固定支架与螺钉（1付）
3分PE管（1根3米）及卡夹（2只）
扳手（1只）
接头（2套）
说明书（内含装箱清单文字说明及",found,产品组件,found,装箱清单如下,ESF30-A、ESF31-A全自动前置过滤器用户手册.pdf,../ESF30-A、ESF31-A全自动前置过滤器用户手册.pdf,1,本产品的所有组件都包含在彩箱内，装箱清单如下： 1． 前置过滤器主机（1只） 2. 不锈钢固定支架与螺钉（1付） 3. 3分PE管（1根3米）及卡夹（2只） 4. 扳手（1只） 5. 接头（2套） 6. 说明书（内含装箱清单文字说明及,1． 前置过滤器主机（1只） 2. 不锈钢固定支架与螺钉（1付） 3. 3分PE管（1根3米）及卡夹（2只） 4. 扳手（1只） 5. 接头（2套） 6. 说明书（内含装箱清单文字说明及
ESFX-A型前置过滤器说明书,ESFX-A型前置过滤器说明书,前置过滤器,前置过滤器,"本产品的所有组件都包含在单一包装箱内，其中包括以下的组件
前置过滤器主机
变压器
支架及螺钉
排水管
管夹 三•产品功能 本产品为前置过滤装置，需连接在房屋自来水总进水处，它能滤除水源中的悬浮颗粒并定期自动冲洗， 将截获的污垢从排水管冲出。 注意：本产品可用于减少水中含有的沙粒、砾...","在单一包装箱内，其中包括以下的组件
前置过滤器主机
变压器
支架及螺钉
排水管
管夹 三•产品功能 本产品为前置过滤装置，需连接在房屋自来水总进水处，它能滤除水源中的悬浮颗粒并定期自动冲洗， 将截获的污垢从排水管冲出。 注意：本产品可用于减少水中含有的沙粒、砾...",found,产品组件,found,本产品的所有组件都包含,ESFX-A型前置过滤器说明书.pdf,../ESFX-A型前置过滤器说明书.pdf,1,本产品的所有组件都包含在单一包装箱内，其中包括以下的组件： （1）前置过滤器主机 （2） 变压器 （3） 支架及螺钉 （4）排水管 （5）管夹 三•产品功能 本产品为前置过滤装置，需连接在房屋自来水总进水处，它能滤除水源中的悬浮颗粒并定期自动冲洗， 将截获的污垢从排水管冲出。 注意：本产品可用于减少水中含有的沙粒、砾石、碎屑、铁锈以及其他水中悬浮物。但如果水源中 含有粘性沉淀物，如淤泥、粘土等，您有必要定期将过滤器拆开并清洗里面的滤网。 • 自动清洗装置 本机的电子控制系统会自动记录两次冲洗间的周期，并在设定的天数,在单一包装箱内，其中包括以下的组件： （1）前置过滤器主机 （2） 变压器 （3） 支架及螺钉 （4）排水管 （5）管夹 三•产品功能 本产品为前置过滤装置，需连接在房屋自来水总进水处，它能滤除水源中的悬浮颗粒并定期自动冲洗， 将截获的污垢从排水管冲出。 注意：本产品可用于减少水中含有的沙粒、砾石、碎屑、铁锈以及其他水中悬浮物。但如果水源中 含有粘性沉淀物，如淤泥、粘土等，您有必要定期将过滤器拆开并清洗里面的滤网。 • 自动清洗装置 本机的电子控制系统会自动记录两次冲洗间的周期，并在设定的天数到来时自动启动冲洗。冲
ETF2100-PF10,ETF2100-PF10 净雅超容豪华型,复合/中央净水,净雅,未在可识别正文中找到明确产品组件清单,未在可识别正文中找到明确开箱配件或装箱清单,not_found,,not_found,,ETF2100-PF10 净雅超容豪华型.pdf,../ETF2100-PF10 净雅超容豪华型.pdf,1,,
ETF2300,ETF2300 ECCWS 黑钻系列,其他,黑钻系列,未在可识别正文中找到明确产品组件清单,未在可识别正文中找到明确开箱配件或装箱清单,not_found,,not_found,,ETF2300 ECCWS 黑钻系列.pdf,../ETF2300 ECCWS 黑钻系列.pdf,1,,
ETF2300 PF12,ETF2300 PF12 黑钻系列,其他,黑钻系列,未在可识别正文中找到明确产品组件清单,未在可识别正文中找到明确开箱配件或装箱清单,not_found,,not_found,,ETF2300 PF12 黑钻系列.pdf,../ETF2300 PF12 黑钻系列.pdf,1,,
EUF201-2,EUF201-2 臻爱系列,其他,臻爱系列,未在可识别正文中找到明确产品组件清单,未在可识别正文中找到明确开箱配件或装箱清单,not_found,,not_found,,EUF201-2 臻爱系列.pdf,../EUF201-2 臻爱系列.pdf,1,,
EUF202-2,EUF202-2 臻爱系列,其他,臻爱系列,未在可识别正文中找到明确产品组件清单,未在可识别正文中找到明确开箱配件或装箱清单,not_found,,not_found,,EUF202-2 臻爱系列.pdf,../EUF202-2 臻爱系列.pdf,1,,
EUF205-2,EUF205-2 MANUAL(工程款）,其他,工程款,"本产品的所有组件都包含在单一包装箱内，其中包括以下组件
净水机机头、顶盖及侧盖
两支滤芯
水龙头及相关配件的组件包
配有三根不同颜色的软管，黄色进水管1根， 蓝色出水管1根，红色排水管1根
含有固定螺钉和垫圈的零件袋
油脂袋和管接头配件包
电控盒（1只）
电源适配器（1只）
通用版说明书、质保卡","在单一包装箱内，其中包括以下组件
净水机机头、顶盖及侧盖
两支滤芯
水龙头及相关配件的组件包
配有三根不同颜色的软管，黄色进水管1根， 蓝色出水管1根，红色排水管1根
含有固定螺钉和垫圈的零件袋
油脂袋和管接头配件包
电控盒（1只）
电源适配器（1只）
通用版说明书、质保卡",found,产品组件,found,本产品的所有组件都包含,EUF205-2 MANUAL(工程款）.pdf,../EUF205-2 MANUAL(工程款）.pdf,1,本产品的所有组件都包含在单一包装箱内，其中包括以下组件： （1）净水机机头、顶盖及侧盖 （2） 两支滤芯 （3） 水龙头及相关配件的组件包 （4） 配有三根不同颜色的软管，黄色进水管1根， 蓝色出水管1根，红色排水管1根 （5） 含有固定螺钉和垫圈的零件袋 （6） 油脂袋和管接头配件包 （7）电控盒（1只） （8）电源适配器（1只） （9）通用版说明书、质保卡,在单一包装箱内，其中包括以下组件： （1）净水机机头、顶盖及侧盖 （2） 两支滤芯 （3） 水龙头及相关配件的组件包 （4） 配有三根不同颜色的软管，黄色进水管1根， 蓝色出水管1根，红色排水管1根 （5） 含有固定螺钉和垫圈的零件袋 （6） 油脂袋和管接头配件包 （7）电控盒（1只） （8）电源适配器（1只） （9）通用版说明书、质保卡
EUF206-2,EUF206-2型直饮净水机,反渗透净水机,反渗透净水机,"本产品的所有组件都包含在单一包装箱内，其中包括以下组件
净水机机头、顶盖及侧盖
含有固定螺钉和垫圈的零件袋
两支滤芯
油脂袋和管接头配件包
水龙头及相关配件的组件包
产品","在单一包装箱内，其中包括以下组件
净水机机头、顶盖及侧盖
含有固定螺钉和垫圈的零件袋
两支滤芯
油脂袋和管接头配件包
水龙头及相关配件的组件包
产品",found,产品组件,found,本产品的所有组件都包含,EUF206-2型直饮净水机.pdf,../EUF206-2型直饮净水机.pdf,1,本产品的所有组件都包含在单一包装箱内，其中包括以下组件： （1）净水机机头、顶盖及侧盖 （5） 含有固定螺钉和垫圈的零件袋 （2） 两支滤芯 （6） 油脂袋和管接头配件包 （3） 水龙头及相关配件的组件包 （7） 产品,在单一包装箱内，其中包括以下组件： （1）净水机机头、顶盖及侧盖 （5） 含有固定螺钉和垫圈的零件袋 （2） 两支滤芯 （6） 油脂袋和管接头配件包 （3） 水龙头及相关配件的组件包 （7） 产品
100,EVOLUTION 100 Compact型软水机说明书,软水机,软水机,未在可识别正文中找到明确产品组件清单,未在可识别正文中找到明确开箱配件或装箱清单,not_found,,not_found,,EVOLUTION 100 Compact型软水机说明书.pdf,../EVOLUTION 100 Compact型软水机说明书.pdf,1,,
EWD300,EWD300壁挂管线机说明书,管线机/饮水机,管线机/饮水机,"产品安装
使用说明
注意事项
故障诊断
环保清单
感谢您使用怡口牌EWD300温热式壁挂管线机。在此之前
为了正确使用和","名称
管线机
挂架
挂墻固定自攻螺丝
膨胀管
3分PE管
三分T型三通
三分转二分T型三通",found,结构示意图,found,装箱清单,EWD300壁挂管线机说明书.pdf,../EWD300壁挂管线机说明书.pdf,1,产品安装 使用说明 注意事项 故障诊断 环保清单 1 1 ］ 2 2 3 3 4 6 8 感谢您使用怡口牌EWD300温热式壁挂管线机。在此之前，为了正确使用和维护本产品，请仔 细阅读说明书，如在产品使用过程中发生问题，请及时参考本说明书，因违反注意事项而发生的事故， 本公司概不负责，请妥善保管本说明书，以备查阅。 产品介绍 •本产品适用水源为纯净水，使用厚膜加热技术，多档调温秒速加热，多档取水，即热即饮。 •卫生质量：符合《生活饮用水输配水设备及防护材料卫生安全评价规范》（2001）要求,名称 管线机 挂架 挂墻固定自攻螺丝 膨胀管 3分PE管 三分T型三通 三分转二分T型三通 保修卡 滤网管插 数量 1台 1个 5个 5个 1.5米 1个 1个 1张 1个
EWD500,EWD500管线机,管线机/饮水机,管线机/饮水机,"461mm
接水盒
290mm
5mm
图片仅供参考
请以实物为准
电源开关
3分进水口","序号
名称
管线机
挂架
挂墙固定自攻螺丝
膨胀管
3分PE管
三通接头",found,结构示意图,found,装箱清单,EWD500管线机.pdf,../EWD500管线机.pdf,1,988. 461mm ◎ 0 0 接水盒 290mm 185.5mm 图片仅供参考，请以实物为准 电源开关 3分进水口 产品安装 •确认管线机要安装的位置；（注：该机型应配套RO机使用） •确认安装所需的工具：冲击钻、十字螺丝刀、管剪； •请按照说明书中的装箱清单核对安装配件是否齐全； 。,序号 1 2 3 4 5 6 7 8 名称 管线机 挂架 挂墙固定自攻螺丝 膨胀管 3分PE管 三通接头 保修卡 滤网管插 数量 1台 1个 5个 5个 2米 2个 1张 1个
EWD501-WM,EWD501-WM怡口说明书,管线机/饮水机,管线机/饮水机,未在可识别正文中找到明确产品组件清单,"技术参数
外观示意图
安装与调试
吏用说明…•
主意事项……..
产品中食品接触材料列表
放障现象",not_found,,found,装箱清单,EWD501-WM怡口说明书.pdf,../EWD501-WM怡口说明书.pdf,1,,技术参数 外观示意图 安装与调试 吏用说明…• 主意事项…….. 产品中食品接触材料列表 放障现象 故障代码及排除方法 电子信息产品有毒有害物质声明 呆修说明…… 产品保养及维修记录， 呆修卡… 1 1 1 2 2 3 E9OWATER SINCE1925. 8 9 10 11 12 服务热线：400-887-0190 装生广：昆山信山净水系统自限公司 公司地址：江苏省昆山市玉山镇玉杨路 366号5号房和4号房 惑谢您使用怡口牌EWD501-WM即热式壁挂管线机。在此之前，为了正确使用和
EWD600S,EWD600S 700S壁挂即热饮水机说明书,管线机/饮水机,管线机/饮水机,"产品安装
使用说明
注意事项
故障诊断
环保清单","名称 管线机 挂架 挂墻固定自攻螺丝 膨胀管 3分PE管 三通接头 说明书 L型接头（三分转两分） 数量 1台 1个 5个 5个 2个 1本 1个 技术参数 EWD600S 产品型...
卫水字（2022）第0532号 GB 4706.1-2005 ;GB 4706.19-2008;Q/320583 AYYKO12-2022 输出水质符合《生活饮用水输配水设备及防护...",found,结构示意图,found,装箱清单,EWD600S 700S壁挂即热饮水机说明书.pdf,../EWD600S 700S壁挂即热饮水机说明书.pdf,1,产品安装 使用说明 注意事项 故障诊断 环保清单 质保条款 产品保养及维修记录 怡口产品保修卡 1 1 ］ 2 2 3 3 4 7 9 10 11 12 13 感谢您使用怡口牌EWD600S/EWD700S即热式壁挂管线机。在此之前，为了正确使用和,"名称 管线机 挂架 挂墻固定自攻螺丝 膨胀管 3分PE管 三通接头 说明书 L型接头（三分转两分） 数量 1台 1个 5个 5个 2个 1本 1个 技术参数 EWD600S 产品型号 额定电压 额定频率 制热功率 额定总功率 进水压力 环境温度 适用水温 制热水能力 外观差异 防触电保护类型 适用水源 卫生许可批准文号 执行标准 卫生质量 EWD700S 220V~ 50HZ 2100W 2150W 0.1MPa~0.4MPa 4°C~40°C 5°C~38°C ≥90°C,23L/h 白色 深空灰色 I类 纯净水"
EWD700S,EWD600S 700S壁挂即热饮水机说明书,管线机/饮水机,管线机/饮水机,"产品安装
使用说明
注意事项
故障诊断
环保清单","名称 管线机 挂架 挂墻固定自攻螺丝 膨胀管 3分PE管 三通接头 说明书 L型接头（三分转两分） 数量 1台 1个 5个 5个 2个 1本 1个 技术参数 EWD600S 产品型...
卫水字（2022）第0532号 GB 4706.1-2005 ;GB 4706.19-2008;Q/320583 AYYKO12-2022 输出水质符合《生活饮用水输配水设备及防护...",found,结构示意图,found,装箱清单,EWD600S 700S壁挂即热饮水机说明书.pdf,../EWD600S 700S壁挂即热饮水机说明书.pdf,1,产品安装 使用说明 注意事项 故障诊断 环保清单 质保条款 产品保养及维修记录 怡口产品保修卡 1 1 ］ 2 2 3 3 4 7 9 10 11 12 13 感谢您使用怡口牌EWD600S/EWD700S即热式壁挂管线机。在此之前，为了正确使用和,"名称 管线机 挂架 挂墻固定自攻螺丝 膨胀管 3分PE管 三通接头 说明书 L型接头（三分转两分） 数量 1台 1个 5个 5个 2个 1本 1个 技术参数 EWD600S 产品型号 额定电压 额定频率 制热功率 额定总功率 进水压力 环境温度 适用水温 制热水能力 外观差异 防触电保护类型 适用水源 卫生许可批准文号 执行标准 卫生质量 EWD700S 220V~ 50HZ 2100W 2150W 0.1MPa~0.4MPa 4°C~40°C 5°C~38°C ≥90°C,23L/h 白色 深空灰色 I类 纯净水"
EWD600S700S,EWD600S700S OWNERS MANUAL-250718,管线机/饮水机,管线机/饮水机,"产品安装
使用说明
注意事项
故障诊断
环保清单","序号
名称
管线机
挂架
挂墙固定自攻螺丝
膨胀管
3分PE管
三通接头
说明书
L型接头（三分转两分）
数量
1台
1个
5个
2米
2个
1本",found,结构示意图,found,装箱清单,EWD600S700S OWNERS MANUAL-250718.pdf,../EWD600S700S OWNERS MANUAL-250718.pdf,1,产品安装 使用说明 注意事项 故障诊断 环保清单 质保条款. 产品保养及维修记录 怡口产品保修卡 1 2 2 3 3 4 7 9 10 11 12 13 感谢您使用怡口牌EWD600S/EWD700S即热式壁挂管线机。在此之前，为了正确使用和,序号 1 2 8 名称 管线机 挂架 挂墙固定自攻螺丝 膨胀管 3分PE管 三通接头 说明书 L型接头（三分转两分） 数量 1台 1个 5个 5个 2米 2个 1本 1个
EWSH-100,EWSH-100型反渗透直饮机,商用直饮,商用直饮,未在可识别正文中找到明确产品组件清单,未在可识别正文中找到明确开箱配件或装箱清单,not_found,,not_found,,EWSH-100型反渗透直饮机.pdf,../EWSH-100型反渗透直饮机.pdf,1,,
EWSH-商用直饮水机说明书,EWSH-商用直饮水机说明书,商用直饮,商用直饮,未在可识别正文中找到明确产品组件清单,未在可识别正文中找到明确开箱配件或装箱清单,not_found,,not_found,,EWSH-商用直饮水机说明书.pdf,../EWSH-商用直饮水机说明书.pdf,1,,
HF-75X,HF-75X 怡可飘,其他,怡可飘,未在可识别正文中找到明确产品组件清单,未在可识别正文中找到明确开箱配件或装箱清单,not_found,,not_found,,HF-75X 怡可飘.pdf,../HF-75X 怡可飘.pdf,1,,
HF75X,HF-75X 怡可飘,其他,怡可飘,未在可识别正文中找到明确产品组件清单,未在可识别正文中找到明确开箱配件或装箱清单,not_found,,not_found,,HF-75X 怡可飘.pdf,../HF-75X 怡可飘.pdf,1,,
KS1,KS1 ES301 柔爱系列,其他,柔爱系列,未在可识别正文中找到明确产品组件清单,未在可识别正文中找到明确开箱配件或装箱清单,not_found,,not_found,,KS1 ES301 柔爱系列.pdf,../KS1 ES301 柔爱系列.pdf,1,,
ES301,KS1 ES301 柔爱系列,其他,柔爱系列,未在可识别正文中找到明确产品组件清单,未在可识别正文中找到明确开箱配件或装箱清单,not_found,,not_found,,KS1 ES301 柔爱系列.pdf,../KS1 ES301 柔爱系列.pdf,1,,
M1,M1 EUF500-1 享爱系列,其他,享爱系列,"本产品的所有组件都包含在单一包装箱内，其中包括以下组件
EUF500-1型净水机机头
1支滤芯
随机配送1个水龙头，用户可根据需要另外增配
配有带颜色标记及一定长度的软管
电池、油脂袋和管接头配件包
螺钉两个（用于壁挂）
用户手册","在单一包装箱内，其中包括以下组件
EUF500-1型净水机机头
1支滤芯
随机配送1个水龙头，用户可根据需要另外增配
配有带颜色标记及一定长度的软管
电池、油脂袋和管接头配件包
螺钉两个（用于壁挂）
用户手册",found,产品组件,found,本产品的所有组件都包含,M1 EUF500-1 享爱系列.pdf,../M1 EUF500-1 享爱系列.pdf,1,本产品的所有组件都包含在单一包装箱内，其中包括以下组件： （1） EUF500-1型净水机机头 （2） 1支滤芯 （3） 随机配送1个水龙头，用户可根据需要另外增配 （4）配有带颜色标记及一定长度的软管 （5）电池、油脂袋和管接头配件包 （6） 螺钉两个（用于壁挂） （7） 用户手册,在单一包装箱内，其中包括以下组件： （1） EUF500-1型净水机机头 （2） 1支滤芯 （3） 随机配送1个水龙头，用户可根据需要另外增配 （4）配有带颜色标记及一定长度的软管 （5）电池、油脂袋和管接头配件包 （6） 螺钉两个（用于壁挂） （7） 用户手册
EUF500-1,M1 EUF500-1 享爱系列,其他,享爱系列,"本产品的所有组件都包含在单一包装箱内，其中包括以下组件
EUF500-1型净水机机头
1支滤芯
随机配送1个水龙头，用户可根据需要另外增配
配有带颜色标记及一定长度的软管
电池、油脂袋和管接头配件包
螺钉两个（用于壁挂）
用户手册","在单一包装箱内，其中包括以下组件
EUF500-1型净水机机头
1支滤芯
随机配送1个水龙头，用户可根据需要另外增配
配有带颜色标记及一定长度的软管
电池、油脂袋和管接头配件包
螺钉两个（用于壁挂）
用户手册",found,产品组件,found,本产品的所有组件都包含,M1 EUF500-1 享爱系列.pdf,../M1 EUF500-1 享爱系列.pdf,1,本产品的所有组件都包含在单一包装箱内，其中包括以下组件： （1） EUF500-1型净水机机头 （2） 1支滤芯 （3） 随机配送1个水龙头，用户可根据需要另外增配 （4）配有带颜色标记及一定长度的软管 （5）电池、油脂袋和管接头配件包 （6） 螺钉两个（用于壁挂） （7） 用户手册,在单一包装箱内，其中包括以下组件： （1） EUF500-1型净水机机头 （2） 1支滤芯 （3） 随机配送1个水龙头，用户可根据需要另外增配 （4）配有带颜色标记及一定长度的软管 （5）电池、油脂袋和管接头配件包 （6） 螺钉两个（用于壁挂） （7） 用户手册
MASF1,MASF1 清滤宝基本型,前置过滤器,清滤宝,未在可识别正文中找到明确产品组件清单,未在可识别正文中找到明确开箱配件或装箱清单,not_found,,not_found,,MASF1 清滤宝基本型.pdf,../MASF1 清滤宝基本型.pdf,1,,
MG2100-PF10,MG2100-PF10 净雅除铅豪华型,复合/中央净水,净雅,"怡口的净水机，在原厂出厂的包装箱中应包括以下配件
净水机
旁通阀配件包
变压器
说明书 彻底检查怡口净水机，看是否有运输损坏或者是部件遗失。还应检查外箱是否有损坏。 拆除并妥善丢弃（再循环）所有包装材料。我们建议您在正式使用之前不要打开小型零配件袋。配件 的安...","变压器
说明书 彻底检查怡口净水机，看是否有运输损坏或者是部件遗失。还应检查外箱是否有损坏。 拆除并妥善丢弃（再循环）所有包装材料。我们建议您在正式使用之前不要打开小型零配件袋。配件 的安...",found,产品组件,found,配件包,MG2100-PF10 净雅除铅豪华型.pdf,../MG2100-PF10 净雅除铅豪华型.pdf,1,怡口的净水机，在原厂出厂的包装箱中应包括以下配件： （1）净水机 （2）旁通阀配件包 （3）变压器 （4）说明书 彻底检查怡口净水机，看是否有运输损坏或者是部件遗失。还应检查外箱是否有损坏。 拆除并妥善丢弃（再循环）所有包装材料。我们建议您在正式使用之前不要打开小型零配件袋。配件 的安装参照相关说明。 三、,（3）变压器 （4）说明书 彻底检查怡口净水机，看是否有运输损坏或者是部件遗失。还应检查外箱是否有损坏。 拆除并妥善丢弃（再循环）所有包装材料。我们建议您在正式使用之前不要打开小型零配件袋。配件 的安装参照相关说明。 三、
MG2100-PF12,MG2100-PF12 净雅除豪华超容型,复合/中央净水,净雅,"怡口的净水机，在原厂出厂的包装箱中应包括以下配件
净水机
旁通阀配件包
变压器
说明书 彻底检查怡口净水机，看是否有运输损坏或者是部件遗失。还应检查外箱是否有损坏。 拆除并妥善丢弃（再循环）所有包装材料。我们建议您在正式使用之前不要打开小型零配件袋。配件 的安...","变压器
说明书 彻底检查怡口净水机，看是否有运输损坏或者是部件遗失。还应检查外箱是否有损坏。 拆除并妥善丢弃（再循环）所有包装材料。我们建议您在正式使用之前不要打开小型零配件袋。配件 的安...",found,产品组件,found,配件包,MG2100-PF12 净雅除豪华超容型.pdf,../MG2100-PF12 净雅除豪华超容型.pdf,1,怡口的净水机，在原厂出厂的包装箱中应包括以下配件： （1）净水机 （2）旁通阀配件包 （3）变压器 （4）说明书 彻底检查怡口净水机，看是否有运输损坏或者是部件遗失。还应检查外箱是否有损坏。 拆除并妥善丢弃（再循环）所有包装材料。我们建议您在正式使用之前不要打开小型零配件袋。配件 的安装参照相关说明。 三、,（3）变压器 （4）说明书 彻底检查怡口净水机，看是否有运输损坏或者是部件遗失。还应检查外箱是否有损坏。 拆除并妥善丢弃（再循环）所有包装材料。我们建议您在正式使用之前不要打开小型零配件袋。配件 的安装参照相关说明。 三、
MG2100-PF20,MG2100-PF20 净雅除铅增强型,复合/中央净水,净雅,"怡口的净水机，在原厂出厂的包装箱中应包括以下配件
净水机
旁通阀配件包
变压器
说明书 彻底检查怡口净水机，看是否有运输损坏或者是部件遗失。还应检查外箱是否有损坏。 拆除并妥善丢弃（再循环）所有包装材料。我们建议您在正式使用之前不要打开小型零配件 袋。配件的...","a.
将涡轮支架插入到控制阀的出水口内
注意
如果需要安装怡口的旁通阀
请参照关于旁通阀部分的内容
b.
将润滑过的
""O""
形密封圈放置提供的
英寸管
小心地将此管插入出水口内
见图
然后安
""C""
形管夹并确认稳固
润滑时请采用怡口提供的硅树脂润滑油
c.
重复
步骤来",found,产品组件,found,配件包,MG2100-PF20 净雅除铅增强型.pdf,../MG2100-PF20 净雅除铅增强型.pdf,1,怡口的净水机，在原厂出厂的包装箱中应包括以下配件： （1）净水机 （2）旁通阀配件包 （3）变压器 （4）说明书 彻底检查怡口净水机，看是否有运输损坏或者是部件遗失。还应检查外箱是否有损坏。 拆除并妥善丢弃（再循环）所有包装材料。我们建议您在正式使用之前不要打开小型零配件 袋。配件的 安装参照相关说明。 三、,"内。 a. 将涡轮支架插入到控制阀的出水口内。 注意 :如果需要安装怡口的旁通阀，请参照关于旁通阀部分的内容。 b. 将润滑过的 ""O"" 形密封圈放置提供的 1 英寸管，小心地将此管插入出水口内 ( 见图 3)，然后安 装 ""C"" 形管夹并确认稳固。 注意 :润滑时请采用怡口提供的硅树脂润滑油 c. 重复 b 步骤来"
MG610WHF,MG610WHF 净雅除铅灵巧型,复合/中央净水,净雅,"产品功能
出水
市政进水
阀体
不锈钢过滤网组件
中心管
颗粒活性炭
二氧化钛
石英砂
布水器
以市政自来水为原水
经怡口牌
MG610WHF
MG618WHF
处理
有效去除铅
砷等重金属
附余氯产物及其他异味
产水水质符合《生活饮用水水质处理器卫生安全与功能评价规范
——一般水质
处理器》（2001）的要求",未在可识别正文中找到明确开箱配件或装箱清单,found,结构示意图,not_found,,MG610WHF 净雅除铅灵巧型.pdf,../MG610WHF 净雅除铅灵巧型.pdf,1,产品功能 ඣ 出水 市政进水 阀体 不锈钢过滤网组件 中心管 颗粒活性炭 二氧化钛 石英砂 布水器 以市政自来水为原水 ，经怡口牌 MG610WHF/MG618WHF 处理，有效去除铅 、砷等重金属 *，吸 附余氯产物及其他异味，产水水质符合《生活饮用水水质处理器卫生安全与功能评价规范 ——一般水质 处理器》（2001）的要求。 4,
MG618WHF,MG618WHF 净雅除铅标准型,复合/中央净水,净雅,"产品功能
出水
市政进水
阀体
不锈钢过滤网组件
中心管
颗粒活性炭
二氧化钛
石英砂
布水器
以市政自来水为原水
经怡口牌
MG610WHF
MG618WHF
处理
有效去除铅
砷等重金属
附余氯产物及其他异味
产水水质符合《生活饮用水水质处理器卫生安全与功能评价规范
——一般水质
处理器》（2001）的要求",未在可识别正文中找到明确开箱配件或装箱清单,found,结构示意图,not_found,,MG618WHF 净雅除铅标准型.pdf,../MG618WHF 净雅除铅标准型.pdf,1,产品功能 ඣ 出水 市政进水 阀体 不锈钢过滤网组件 中心管 颗粒活性炭 二氧化钛 石英砂 布水器 以市政自来水为原水 ，经怡口牌 MG610WHF/MG618WHF 处理，有效去除铅 、砷等重金属 *，吸 附余氯产物及其他异味，产水水质符合《生活饮用水水质处理器卫生安全与功能评价规范 ——一般水质 处理器》（2001）的要求。 4,
MG710WHF,MG710WHF MG730HWF MG740WHF说明书云钻系列净水机,复合/中央净水,云钻系列,未在可识别正文中找到明确产品组件清单,未在可识别正文中找到明确开箱配件或装箱清单,not_found,,not_found,,MG710WHF MG730HWF MG740WHF说明书云钻系列净水机.pdf,../MG710WHF MG730HWF MG740WHF说明书云钻系列净水机.pdf,1,,
MG730HWF,MG710WHF MG730HWF MG740WHF说明书云钻系列净水机,复合/中央净水,云钻系列,未在可识别正文中找到明确产品组件清单,未在可识别正文中找到明确开箱配件或装箱清单,not_found,,not_found,,MG710WHF MG730HWF MG740WHF说明书云钻系列净水机.pdf,../MG710WHF MG730HWF MG740WHF说明书云钻系列净水机.pdf,1,,
MG740WHF,MG710WHF MG730HWF MG740WHF说明书云钻系列净水机,复合/中央净水,云钻系列,未在可识别正文中找到明确产品组件清单,未在可识别正文中找到明确开箱配件或装箱清单,not_found,,not_found,,MG710WHF MG730HWF MG740WHF说明书云钻系列净水机.pdf,../MG710WHF MG730HWF MG740WHF说明书云钻系列净水机.pdf,1,,
MGX30WHF,MGX30WHF MGX45WHF Owner Manual Rev A,复合/中央净水,复合/中央净水,未在可识别正文中找到明确产品组件清单,未在可识别正文中找到明确开箱配件或装箱清单,not_found,,not_found,,MGX30WHF MGX45WHF Owner Manual Rev A.pdf,../MGX30WHF MGX45WHF Owner Manual Rev A.pdf,1,,
MGX45WHF,MGX30WHF MGX45WHF Owner Manual Rev A,复合/中央净水,复合/中央净水,未在可识别正文中找到明确产品组件清单,未在可识别正文中找到明确开箱配件或装箱清单,not_found,,not_found,,MGX30WHF MGX45WHF Owner Manual Rev A.pdf,../MGX30WHF MGX45WHF Owner Manual Rev A.pdf,1,,
Q15REF,Q15REF软净一体机,其他,其他,"有害物质声明
质保条款
12
13
14
15
16
18
19
安全须知
F9OWATE
器具不打算由存在肢体
应照看好儿童
确保他们不玩耍本器具
使用随器具附带的新软管组件
旧软管组件不宜重复利用
并将其连接到持续
供电的220V50Hz
电源插座上。电源插座需在干燥的位置
应配有地线
设有过流保护装置
（入线路断路器或保险丝）
不要将本机安装在可能结冰的环境中
产品使用环境温度为4-40°C
水温要求为5-48°C。因
冰冻或热水所致设备损坏
不在质保之列
在开始安装之前请通读本说明书
然后准备好安装过程中所需所有材料和工具。请按照安
装说明的要求进行安装","及安装
F9OWATFR
开箱及安装
加装阀门
在软净一体机进水前的供水管道上加装阀门
方便在必要的时候切断通向软净一体机的水源
关闭通向热水器的电源和气源
打开房屋最高和最低的两个水龙头
将管路中剩余的水排掉
然后关上水龙头
打开包装箱
并去除软净一体机内部的所有包装材料
只需要将管接头插到位
然后用卡夹卡紧
管件就不会脱落
将软净一体机移动到安装地点
放置在一个光滑的水平面上
必要时可在下面垫一块2cm
的木板（木板大小须略大于盐
箱底面）。如有需要
可在木板下方加垫支撑物来达到平稳
将进出水管与房屋管路相连接
将出水（软水）管与标有
“Outlet”的一端相连接
如果未使用标配旁通阀
须自行安装三阀旁通系统
在安装螺纹管件时
注意不要用力过猛以致损坏塑料接头
注意不要将管路的重量完全加在进出水管端
以免损坏阀头",found,结构示意图,found,开箱,Q15REF软净一体机.pdf,../Q15REF软净一体机.pdf,1,有害物质声明 质保条款 12 12 -13 13 14 14 ：15 15 15 15 16 - 18 19 安全须知 F9OWATE A 安全须知 • 器具不打算由存在肢体、感官或精神能力缺陷或缺少使用经验和知识的人（包括儿童）使用， 除非有负责他们安全的人对他们进行与器具使用有关的监督或指导。 • 应照看好儿童，确保他们不玩耍本器具。 • 使用随器具附带的新软管组件，旧软管组件不宜重复利用。 • 本机只适于在DC24V环境下工作。一定要使用原厂提供的电源适配器，并将其连接到持续 供电的220V50Hz 电源插座,及安装 F9OWATFR 二、开箱及安装 1、加装阀门 在软净一体机进水前的供水管道上加装阀门，方便在必要的时候切断通向软净一体机的水源。 2、关闭通向热水器的电源和气源。 3、打开房屋最高和最低的两个水龙头，将管路中剩余的水排掉，然后关上水龙头。 4、打开包装箱，并去除软净一体机内部的所有包装材料。 5、将标配旁通阀安装在机器上。注意出水口配有流量轮和感应器。卡接式管件的安装非常方便，只需要将管接头插到位， 然后用卡夹卡紧，管件就不会脱落。 6、将软净一体机移动到安装地点，放置在一个光滑的水平面上，必要时可在下面
R15ECM,R15ECM 型软水机,软水机,软水机,"安装提示
有害物质声明
质保条款
11
12
13
14
15
16
17
18
安全须知
器具不打算由存在肢体
感官或精神能力缺陷或缺少使用经验和知识的人
（包括儿童）
使用
应照看好儿童
确保他们不玩耍本器具
使用随器具附带的新软管组件
旧软管组件不宜重复利用
本机只适于在
DC24V
环境下工作
一定要使用原厂提供的电源适配器
并将其连接到持续
供电的
220V50Hz
电源插座上
电源插座需在干燥的位置
应配有地线","及安装
开箱及安装
加装阀门
在软水机进水前的供水管道上加装阀门
方便在必要的时候切断通向软水机的水源
关闭通向热水器的电源和气源
打开房屋最高和最低的两个水龙头
将管路中剩余的水排掉
然后关上水龙头
打开包装箱
并去除软水机内部的所有包装材料
只需要将管接头插到位
然后用卡夹卡紧
管件就不会脱落
将软水机移动到安装地点
放置在一个光滑的水平面上
必要时可在下面垫一块
2cm
的木板(木板大小须略大于盐箱底
面)。如有需要
可在木板下方加垫支撑物来达到平稳
将进出水管与房屋管路相连接
将出水(软水)管与标有“Outlet”的一端相连接
如果未使用标配旁通阀
须自行安装三阀旁通系统
在安装螺纹管件时
注意不要用力过猛以致损坏塑料接头
注意不要将管路的重量完全加在进出水管端
以免损坏阀头
可对进出水端进行适当的支撑",found,结构示意图,found,开箱,R15ECM 型软水机.pdf,../R15ECM 型软水机.pdf,1,安装提示 有害物质声明 质保条款 11 11 11 12 12 13 14 14 14 14 15 16 17 18 安全须知 安全须知 器具不打算由存在肢体、 感官或精神能力缺陷或缺少使用经验和知识的人 （包括儿童） 使用， 除非有负责他们安全的人对他们进行与器具使用有关的监督或指导。 应照看好儿童， 确保他们不玩耍本器具。 使用随器具附带的新软管组件， 旧软管组件不宜重复利用。 本机只适于在 DC24V 环境下工作。 一定要使用原厂提供的电源适配器， 并将其连接到持续 供电的 220V50Hz 电源插座上。 电,及安装 开箱及安装 1、加装阀门 在软水机进水前的供水管道上加装阀门，方便在必要的时候切断通向软水机的水源。 2、关闭通向热水器的电源和气源。 3、打开房屋最高和最低的两个水龙头，将管路中剩余的水排掉，然后关上水龙头。 4、打开包装箱，并去除软水机内部的所有包装材料。 5、将标配旁通阀安装在机器上。注意出水口配有流量轮和感应器。卡接式管件的安装非常方便，只需要将管接头插到位， 然后用卡夹卡紧，管件就不会脱落。 6、将软水机移动到安装地点，放置在一个光滑的水平面上，必要时可在下面垫一块 2cm 的木板(木板大小须略大
R15WHF,R15WHF 型净水机,复合/中央净水,复合/中央净水,"尺寸及规格
安装提示
选择安装的位置
设备安装
使用方法
按键布局
安装清洗
首次安装设置
待机屏幕
启动手动清洗
查看中央净水机距下次清洗剩余天数
设置当前时间
设置净水清洗间隔
设置清洗时间
查看清洗次数
设置时间制式
服务提醒
设置中央净水机清洗时长
无线配网
10
禁用自动清洗
重新启用自动清洗
断电记忆功能",未在可识别正文中找到明确开箱配件或装箱清单,found,结构示意图,not_found,,R15WHF 型净水机.pdf,../R15WHF 型净水机.pdf,1,尺寸及规格 安装提示 选择安装的位置 设备安装 使用方法 按键布局 安装清洗 首次安装设置 待机屏幕 启动手动清洗 查看中央净水机距下次清洗剩余天数 设置当前时间 设置净水清洗间隔 设置清洗时间 查看清洗次数 设置时间制式 服务提醒 设置中央净水机清洗时长 无线配网 1 2 2 2 2 3 3 4 4 5 7 7 7 7 8 8 8 8 8 9 9 9 9 10 10 目录 目 录 禁用自动清洗 重新启用自动清洗 断电记忆功能,
Refiner Boost 黑钻系列,Refiner Boost 黑钻系列,其他,黑钻系列,"的运行状 态（如阀门位置），以便排除故障。如果有错误代码 显示在滚动状态界面处，请联系经销商维修。 如需查看诊断界面，请按以下步骤操作
如出现错误代码，跳过第2步至第7步，直接进入第 8步
如想从任一滚动状态界面查看诊断界面（未显示错误 代码时），按选择键（〇）显示主菜单
按向下键（v）滚动菜单选项，直到高级设置被点亮
按选择键（〇），显示高级设置菜单
按向下键（v）滚动菜单选项，直到故障排除被点亮
按选择键（◎），显示故障排除菜单（见图82）。 ATroubleshootin g LDiagnostics Setup change s SLS calibration （图82...
选中诊断（被点亮）
按选择键（O），显示诊断界面（见图 83）。 《Diagnostics Time： 18:45 Position time： 0:00 （图83）
按向上键（A）或向下键（v），滚动整个列表。您 将看到以下项目： •• 时间（当前时间） •• 位置时间（保持在当前阀门位置的倒计时时间） •• 当前位置（阀门的当前位置：工作、注...","组装和安装所需小零件/零配件袋
本说明书/本手册",found,各部件,found,开箱,Refiner Boost 黑钻系列.pdf,../Refiner Boost 黑钻系列.pdf,1,的运行状 态（如阀门位置），以便排除故障。如果有错误代码 显示在滚动状态界面处，请联系经销商维修。 如需查看诊断界面，请按以下步骤操作： 1. 如出现错误代码，跳过第2步至第7步，直接进入第 8步。 2. 如想从任一滚动状态界面查看诊断界面（未显示错误 代码时），按选择键（〇）显示主菜单。 3. 按向下键（v）滚动菜单选项，直到高级设置被点亮。 4. 按选择键（〇），显示高级设置菜单。 5. 按向下键（v）滚动菜单选项，直到故障排除被点亮。 6. 按选择键（◎），显示故障排除菜单（见图82）。 ATroublesh,及安装 F9OWATER 开箱及安装 1. 开箱 3. 关闭供水系统 怡口 EVOLUTION 系列软水机出厂时采用纸箱包 a. 关闭增压泵或水表旁边的主供水阀。 装。纸箱内还包括一袋组装和安装软水机所需的小零件 b. 关闭热水器的电力或燃料供应设备。 和本说明书。 c. 打开高位和低位水龙头，排出户内水管中的所有水。 请仔细检查怡口软水机，确认是否存在运输损坏或 零件遗失问题。还应检查装运箱是否损坏。如损坏，请 4. 安装三阀旁通系统 联系运输公司。 安装三阀旁通系统时，请根据需要按照图 2连接管 对于运输过程中
Refiner Power 黑钻系列,Refiner Power 黑钻系列,其他,黑钻系列,未在可识别正文中找到明确产品组件清单,未在可识别正文中找到明确开箱配件或装箱清单,not_found,,not_found,,Refiner Power 黑钻系列.pdf,../Refiner Power 黑钻系列.pdf,1,,
RO-75X,RO-75X 怡可飘,反渗透净水机,怡可飘,未在可识别正文中找到明确产品组件清单,未在可识别正文中找到明确开箱配件或装箱清单,not_found,,not_found,,RO-75X 怡可飘.pdf,../RO-75X 怡可飘.pdf,1,,
RO75X,RO-75X 怡可飘,反渗透净水机,怡可飘,未在可识别正文中找到明确产品组件清单,未在可识别正文中找到明确开箱配件或装箱清单,not_found,,not_found,,RO-75X 怡可飘.pdf,../RO-75X 怡可飘.pdf,1,,
S&V Softener软水机系列Owner Manual (Ver.04),S&V Softener软水机系列Owner Manual (Ver.04),软水机,软水机,"原水—
阳离子交换树脂（自动再生反冲）
软水
市政进水
盐箱
～阀体
树脂罐
吸盐阀
树脂","软水机从工厂发出时装在一个纸板箱中。该
纸板箱内还装有安装该设备所需要的小型零件袋
以及本手册
彻底检查软水机
看运输中是否有损坏或部
件遗失
还应检查纸箱是否有损坏。如果存在损坏
请联系当地销售商及运输公司
本公司不负责运
输途中造成的损坏
拆开包装材料。我们建议您在准备使用之前不要
打开小型零配件袋",found,结构示意图,found,开箱,S&V Softener软水机系列Owner Manual (Ver.04).pdf,../S&V Softener软水机系列Owner Manual (Ver.04).pdf,1,原水— 阳离子交换树脂（自动再生反冲） 软水 软水 市政进水 盐箱 ～阀体 树脂罐 吸盐阀 \ 树脂 3 安装提示 F9OWATER 典型安装图 •软水 主水管 自来水 出水口 变压器 去控制器、 接 进水口 旁通阀 ［主管道 出水阀--040 ｛3阀旁通 出水口 进水阀 ～去控制器 进水口 排污管 自来水 旁通阀 盐箱溢流管 盐箱溢流管 排污管 约4cm 气隙 不 排污管应稳妥固定 约4cm 气隙 地漏 入口一出口管线连接可选方案 一是安装随软水机的旁通阀，或者三阀旁通系统。利用旁通阀，您可以在需要维修时切断到软,软水机从工厂发出时装在一个纸板箱中。该 纸板箱内还装有安装该设备所需要的小型零件袋， 以及本手册。 彻底检查软水机，看运输中是否有损坏或部 件遗失，还应检查纸箱是否有损坏。如果存在损坏， 请联系当地销售商及运输公司，本公司不负责运 输途中造成的损坏。 拆开包装材料。我们建议您在准备使用之前不要 打开小型零配件袋。 2.
S&V WHF中央净系列Owner Manual (Ver.04),S&V WHF中央净系列Owner Manual (Ver.04,复合/中央净水,复合/中央净水,"出水
市政进水
～阀体
不锈钢过滤网组件
.中心管
颗粒活性炭
石英砂
布水器
（图2）
开箱检查
Packing
List
变压器
Transformer
排水管
Drain
House,3meters
卡子
Clips
安装接头
Installation
Tubes
软管固定夹
Hose
Clamps
（图3）
排污弯头
Adaptor
Elbow
旁通阀",未在可识别正文中找到明确开箱配件或装箱清单,found,结构示意图,not_found,,S&V WHF中央净系列Owner Manual (Ver.04).pdf,../S&V WHF中央净系列Owner Manual (Ver.04).pdf,1,"市政自来水—＞不锈钢过滤网组件—＞颗粒活性炭＋石英砂（自动反冲）—＞净化水 出水 市政进水 寇 ～阀体 、不锈钢过滤网组件 .中心管 颗粒活性炭 石英砂 布水器 （图2） 三、开箱检查 Packing List 变压器 Transformer 排水管 Drain House,3meters 卡子 Clips 安装接头 Installation Tubes 软管固定夹 Hose Clamps （图3） 排污弯头 Adaptor Elbow 旁通阀 Bypass Valve 3 产品介绍 F9OWATFR 四、",
S80ECM,S80ECM/S81ECM/S82ECM/V80ECM/V81ECM/V82ECM型银钻系列怡口牌软水机,软水机,银钻系列,"原水—
阳离子交换树脂（自动再生反冲）
软水
市政进水
盐箱
～阀体
树脂罐
吸盐阀
树脂","软水机从工厂发出时装在一个纸板箱中。该
纸板箱内还装有安装该设备所需要的小型零件袋
以及本手册
彻底检查软水机
看运输中是否有损坏或部
件遗失
还应检查纸箱是否有损坏。如果存在损坏
请联系当地销售商及运输公司
本公司不负责运
输途中造成的损坏
拆开包装材料。我们建议您在准备使用之前不要
打开小型零配件袋",found,结构示意图,found,开箱,S80ECM_S81ECM_S82ECM_V80ECM_V81ECM_V82ECM型银钻系列怡口牌软水机.pdf,../S80ECM_S81ECM_S82ECM_V80ECM_V81ECM_V82ECM型银钻系列怡口牌软水机.pdf,1,原水— 阳离子交换树脂（自动再生反冲） 软水 软水 市政进水 盐箱 ～阀体 树脂罐 吸盐阀 \ 树脂 3 安装提示 F9OWATER 典型安装图 •软水 主水管 自来水 出水口 变压器 去控制器、 接 进水口 旁通阀 ［主管道 出水阀--040 ｛3阀旁通 出水口 进水阀 ～去控制器 进水口 排污管 自来水 旁通阀 盐箱溢流管 盐箱溢流管 排污管 约4cm 气隙 不 排污管应稳妥固定 约4cm 气隙 地漏 入口一出口管线连接可选方案 一是安装随软水机的旁通阀，或者三阀旁通系统。利用旁通阀，您可以在需要维修时切断到软,软水机从工厂发出时装在一个纸板箱中。该 纸板箱内还装有安装该设备所需要的小型零件袋， 以及本手册。 彻底检查软水机，看运输中是否有损坏或部 件遗失，还应检查纸箱是否有损坏。如果存在损坏， 请联系当地销售商及运输公司，本公司不负责运 输途中造成的损坏。 拆开包装材料。我们建议您在准备使用之前不要 打开小型零配件袋。 2.
S81ECM,S80ECM/S81ECM/S82ECM/V80ECM/V81ECM/V82ECM型银钻系列怡口牌软水机,软水机,银钻系列,"原水—
阳离子交换树脂（自动再生反冲）
软水
市政进水
盐箱
～阀体
树脂罐
吸盐阀
树脂","软水机从工厂发出时装在一个纸板箱中。该
纸板箱内还装有安装该设备所需要的小型零件袋
以及本手册
彻底检查软水机
看运输中是否有损坏或部
件遗失
还应检查纸箱是否有损坏。如果存在损坏
请联系当地销售商及运输公司
本公司不负责运
输途中造成的损坏
拆开包装材料。我们建议您在准备使用之前不要
打开小型零配件袋",found,结构示意图,found,开箱,S80ECM_S81ECM_S82ECM_V80ECM_V81ECM_V82ECM型银钻系列怡口牌软水机.pdf,../S80ECM_S81ECM_S82ECM_V80ECM_V81ECM_V82ECM型银钻系列怡口牌软水机.pdf,1,原水— 阳离子交换树脂（自动再生反冲） 软水 软水 市政进水 盐箱 ～阀体 树脂罐 吸盐阀 \ 树脂 3 安装提示 F9OWATER 典型安装图 •软水 主水管 自来水 出水口 变压器 去控制器、 接 进水口 旁通阀 ［主管道 出水阀--040 ｛3阀旁通 出水口 进水阀 ～去控制器 进水口 排污管 自来水 旁通阀 盐箱溢流管 盐箱溢流管 排污管 约4cm 气隙 不 排污管应稳妥固定 约4cm 气隙 地漏 入口一出口管线连接可选方案 一是安装随软水机的旁通阀，或者三阀旁通系统。利用旁通阀，您可以在需要维修时切断到软,软水机从工厂发出时装在一个纸板箱中。该 纸板箱内还装有安装该设备所需要的小型零件袋， 以及本手册。 彻底检查软水机，看运输中是否有损坏或部 件遗失，还应检查纸箱是否有损坏。如果存在损坏， 请联系当地销售商及运输公司，本公司不负责运 输途中造成的损坏。 拆开包装材料。我们建议您在准备使用之前不要 打开小型零配件袋。 2.
S82ECM,S80ECM/S81ECM/S82ECM/V80ECM/V81ECM/V82ECM型银钻系列怡口牌软水机,软水机,银钻系列,"原水—
阳离子交换树脂（自动再生反冲）
软水
市政进水
盐箱
～阀体
树脂罐
吸盐阀
树脂","软水机从工厂发出时装在一个纸板箱中。该
纸板箱内还装有安装该设备所需要的小型零件袋
以及本手册
彻底检查软水机
看运输中是否有损坏或部
件遗失
还应检查纸箱是否有损坏。如果存在损坏
请联系当地销售商及运输公司
本公司不负责运
输途中造成的损坏
拆开包装材料。我们建议您在准备使用之前不要
打开小型零配件袋",found,结构示意图,found,开箱,S80ECM_S81ECM_S82ECM_V80ECM_V81ECM_V82ECM型银钻系列怡口牌软水机.pdf,../S80ECM_S81ECM_S82ECM_V80ECM_V81ECM_V82ECM型银钻系列怡口牌软水机.pdf,2,原水— 阳离子交换树脂（自动再生反冲） 软水 软水 市政进水 盐箱 ～阀体 树脂罐 吸盐阀 \ 树脂 3 安装提示 F9OWATER 典型安装图 •软水 主水管 自来水 出水口 变压器 去控制器、 接 进水口 旁通阀 ［主管道 出水阀--040 ｛3阀旁通 出水口 进水阀 ～去控制器 进水口 排污管 自来水 旁通阀 盐箱溢流管 盐箱溢流管 排污管 约4cm 气隙 不 排污管应稳妥固定 约4cm 气隙 地漏 入口一出口管线连接可选方案 一是安装随软水机的旁通阀，或者三阀旁通系统。利用旁通阀，您可以在需要维修时切断到软,软水机从工厂发出时装在一个纸板箱中。该 纸板箱内还装有安装该设备所需要的小型零件袋， 以及本手册。 彻底检查软水机，看运输中是否有损坏或部 件遗失，还应检查纸箱是否有损坏。如果存在损坏， 请联系当地销售商及运输公司，本公司不负责运 输途中造成的损坏。 拆开包装材料。我们建议您在准备使用之前不要 打开小型零配件袋。 2.
V80ECM,S80ECM/S81ECM/S82ECM/V80ECM/V81ECM/V82ECM型银钻系列怡口牌软水机,软水机,银钻系列,"原水—
阳离子交换树脂（自动再生反冲）
软水
市政进水
盐箱
～阀体
树脂罐
吸盐阀
树脂","软水机从工厂发出时装在一个纸板箱中。该
纸板箱内还装有安装该设备所需要的小型零件袋
以及本手册
彻底检查软水机
看运输中是否有损坏或部
件遗失
还应检查纸箱是否有损坏。如果存在损坏
请联系当地销售商及运输公司
本公司不负责运
输途中造成的损坏
拆开包装材料。我们建议您在准备使用之前不要
打开小型零配件袋",found,结构示意图,found,开箱,S80ECM_S81ECM_S82ECM_V80ECM_V81ECM_V82ECM型银钻系列怡口牌软水机.pdf,../S80ECM_S81ECM_S82ECM_V80ECM_V81ECM_V82ECM型银钻系列怡口牌软水机.pdf,1,原水— 阳离子交换树脂（自动再生反冲） 软水 软水 市政进水 盐箱 ～阀体 树脂罐 吸盐阀 \ 树脂 3 安装提示 F9OWATER 典型安装图 •软水 主水管 自来水 出水口 变压器 去控制器、 接 进水口 旁通阀 ［主管道 出水阀--040 ｛3阀旁通 出水口 进水阀 ～去控制器 进水口 排污管 自来水 旁通阀 盐箱溢流管 盐箱溢流管 排污管 约4cm 气隙 不 排污管应稳妥固定 约4cm 气隙 地漏 入口一出口管线连接可选方案 一是安装随软水机的旁通阀，或者三阀旁通系统。利用旁通阀，您可以在需要维修时切断到软,软水机从工厂发出时装在一个纸板箱中。该 纸板箱内还装有安装该设备所需要的小型零件袋， 以及本手册。 彻底检查软水机，看运输中是否有损坏或部 件遗失，还应检查纸箱是否有损坏。如果存在损坏， 请联系当地销售商及运输公司，本公司不负责运 输途中造成的损坏。 拆开包装材料。我们建议您在准备使用之前不要 打开小型零配件袋。 2.
V81ECM,S80ECM/S81ECM/S82ECM/V80ECM/V81ECM/V82ECM型银钻系列怡口牌软水机,软水机,银钻系列,"原水—
阳离子交换树脂（自动再生反冲）
软水
市政进水
盐箱
～阀体
树脂罐
吸盐阀
树脂","软水机从工厂发出时装在一个纸板箱中。该
纸板箱内还装有安装该设备所需要的小型零件袋
以及本手册
彻底检查软水机
看运输中是否有损坏或部
件遗失
还应检查纸箱是否有损坏。如果存在损坏
请联系当地销售商及运输公司
本公司不负责运
输途中造成的损坏
拆开包装材料。我们建议您在准备使用之前不要
打开小型零配件袋",found,结构示意图,found,开箱,S80ECM_S81ECM_S82ECM_V80ECM_V81ECM_V82ECM型银钻系列怡口牌软水机.pdf,../S80ECM_S81ECM_S82ECM_V80ECM_V81ECM_V82ECM型银钻系列怡口牌软水机.pdf,1,原水— 阳离子交换树脂（自动再生反冲） 软水 软水 市政进水 盐箱 ～阀体 树脂罐 吸盐阀 \ 树脂 3 安装提示 F9OWATER 典型安装图 •软水 主水管 自来水 出水口 变压器 去控制器、 接 进水口 旁通阀 ［主管道 出水阀--040 ｛3阀旁通 出水口 进水阀 ～去控制器 进水口 排污管 自来水 旁通阀 盐箱溢流管 盐箱溢流管 排污管 约4cm 气隙 不 排污管应稳妥固定 约4cm 气隙 地漏 入口一出口管线连接可选方案 一是安装随软水机的旁通阀，或者三阀旁通系统。利用旁通阀，您可以在需要维修时切断到软,软水机从工厂发出时装在一个纸板箱中。该 纸板箱内还装有安装该设备所需要的小型零件袋， 以及本手册。 彻底检查软水机，看运输中是否有损坏或部 件遗失，还应检查纸箱是否有损坏。如果存在损坏， 请联系当地销售商及运输公司，本公司不负责运 输途中造成的损坏。 拆开包装材料。我们建议您在准备使用之前不要 打开小型零配件袋。 2.
V82ECM,S80ECM/S81ECM/S82ECM/V80ECM/V81ECM/V82ECM型银钻系列怡口牌软水机,软水机,银钻系列,"原水—
阳离子交换树脂（自动再生反冲）
软水
市政进水
盐箱
～阀体
树脂罐
吸盐阀
树脂","软水机从工厂发出时装在一个纸板箱中。该
纸板箱内还装有安装该设备所需要的小型零件袋
以及本手册
彻底检查软水机
看运输中是否有损坏或部
件遗失
还应检查纸箱是否有损坏。如果存在损坏
请联系当地销售商及运输公司
本公司不负责运
输途中造成的损坏
拆开包装材料。我们建议您在准备使用之前不要
打开小型零配件袋",found,结构示意图,found,开箱,S80ECM_S81ECM_S82ECM_V80ECM_V81ECM_V82ECM型银钻系列怡口牌软水机.pdf,../S80ECM_S81ECM_S82ECM_V80ECM_V81ECM_V82ECM型银钻系列怡口牌软水机.pdf,1,原水— 阳离子交换树脂（自动再生反冲） 软水 软水 市政进水 盐箱 ～阀体 树脂罐 吸盐阀 \ 树脂 3 安装提示 F9OWATER 典型安装图 •软水 主水管 自来水 出水口 变压器 去控制器、 接 进水口 旁通阀 ［主管道 出水阀--040 ｛3阀旁通 出水口 进水阀 ～去控制器 进水口 排污管 自来水 旁通阀 盐箱溢流管 盐箱溢流管 排污管 约4cm 气隙 不 排污管应稳妥固定 约4cm 气隙 地漏 入口一出口管线连接可选方案 一是安装随软水机的旁通阀，或者三阀旁通系统。利用旁通阀，您可以在需要维修时切断到软,软水机从工厂发出时装在一个纸板箱中。该 纸板箱内还装有安装该设备所需要的小型零件袋， 以及本手册。 彻底检查软水机，看运输中是否有损坏或部 件遗失，还应检查纸箱是否有损坏。如果存在损坏， 请联系当地销售商及运输公司，本公司不负责运 输途中造成的损坏。 拆开包装材料。我们建议您在准备使用之前不要 打开小型零配件袋。 2.
S80WHF,S80WHF/S81WHF/S82WHF/V80WHF/V81WHF/V82WHF型银钻系列净水机,复合/中央净水,银钻系列,"出水
市政进水
～阀体
不锈钢过滤网组件
.中心管
颗粒活性炭
石英砂
布水器
（图2）
开箱检查
Packing
List
变压器
Transformer
排水管
Drain
House,3meters
卡子
Clips
安装接头
Installation
Tubes
软管固定夹
Hose
Clamps
（图3）
排污弯头
Adaptor
Elbow
旁通阀",未在可识别正文中找到明确开箱配件或装箱清单,found,结构示意图,not_found,,S80WHF_S81WHF_S82WHF_V80WHF_V81WHF_V82WHF型银钻系列净水机.pdf,../S80WHF_S81WHF_S82WHF_V80WHF_V81WHF_V82WHF型银钻系列净水机.pdf,1,"市政自来水—＞不锈钢过滤网组件—＞颗粒活性炭＋石英砂（自动反冲）—＞净化水 出水 市政进水 寇 ～阀体 、不锈钢过滤网组件 .中心管 颗粒活性炭 石英砂 布水器 （图2） 三、开箱检查 Packing List 变压器 Transformer 排水管 Drain House,3meters 卡子 Clips 安装接头 Installation Tubes 软管固定夹 Hose Clamps （图3） 排污弯头 Adaptor Elbow 旁通阀 Bypass Valve 3 产品介绍 F9OWATFR 四、",
S81WHF,S80WHF/S81WHF/S82WHF/V80WHF/V81WHF/V82WHF型银钻系列净水机,复合/中央净水,银钻系列,"出水
市政进水
～阀体
不锈钢过滤网组件
.中心管
颗粒活性炭
石英砂
布水器
（图2）
开箱检查
Packing
List
变压器
Transformer
排水管
Drain
House,3meters
卡子
Clips
安装接头
Installation
Tubes
软管固定夹
Hose
Clamps
（图3）
排污弯头
Adaptor
Elbow
旁通阀",未在可识别正文中找到明确开箱配件或装箱清单,found,结构示意图,not_found,,S80WHF_S81WHF_S82WHF_V80WHF_V81WHF_V82WHF型银钻系列净水机.pdf,../S80WHF_S81WHF_S82WHF_V80WHF_V81WHF_V82WHF型银钻系列净水机.pdf,1,"市政自来水—＞不锈钢过滤网组件—＞颗粒活性炭＋石英砂（自动反冲）—＞净化水 出水 市政进水 寇 ～阀体 、不锈钢过滤网组件 .中心管 颗粒活性炭 石英砂 布水器 （图2） 三、开箱检查 Packing List 变压器 Transformer 排水管 Drain House,3meters 卡子 Clips 安装接头 Installation Tubes 软管固定夹 Hose Clamps （图3） 排污弯头 Adaptor Elbow 旁通阀 Bypass Valve 3 产品介绍 F9OWATFR 四、",
S82WHF,S80WHF/S81WHF/S82WHF/V80WHF/V81WHF/V82WHF型银钻系列净水机,复合/中央净水,银钻系列,"出水
市政进水
～阀体
不锈钢过滤网组件
.中心管
颗粒活性炭
石英砂
布水器
（图2）
开箱检查
Packing
List
变压器
Transformer
排水管
Drain
House,3meters
卡子
Clips
安装接头
Installation
Tubes
软管固定夹
Hose
Clamps
（图3）
排污弯头
Adaptor
Elbow
旁通阀",未在可识别正文中找到明确开箱配件或装箱清单,found,结构示意图,not_found,,S80WHF_S81WHF_S82WHF_V80WHF_V81WHF_V82WHF型银钻系列净水机.pdf,../S80WHF_S81WHF_S82WHF_V80WHF_V81WHF_V82WHF型银钻系列净水机.pdf,2,"市政自来水—＞不锈钢过滤网组件—＞颗粒活性炭＋石英砂（自动反冲）—＞净化水 出水 市政进水 寇 ～阀体 、不锈钢过滤网组件 .中心管 颗粒活性炭 石英砂 布水器 （图2） 三、开箱检查 Packing List 变压器 Transformer 排水管 Drain House,3meters 卡子 Clips 安装接头 Installation Tubes 软管固定夹 Hose Clamps （图3） 排污弯头 Adaptor Elbow 旁通阀 Bypass Valve 3 产品介绍 F9OWATFR 四、",
V80WHF,S80WHF/S81WHF/S82WHF/V80WHF/V81WHF/V82WHF型银钻系列净水机,复合/中央净水,银钻系列,"出水
市政进水
～阀体
不锈钢过滤网组件
.中心管
颗粒活性炭
石英砂
布水器
（图2）
开箱检查
Packing
List
变压器
Transformer
排水管
Drain
House,3meters
卡子
Clips
安装接头
Installation
Tubes
软管固定夹
Hose
Clamps
（图3）
排污弯头
Adaptor
Elbow
旁通阀",未在可识别正文中找到明确开箱配件或装箱清单,found,结构示意图,not_found,,S80WHF_S81WHF_S82WHF_V80WHF_V81WHF_V82WHF型银钻系列净水机.pdf,../S80WHF_S81WHF_S82WHF_V80WHF_V81WHF_V82WHF型银钻系列净水机.pdf,1,"市政自来水—＞不锈钢过滤网组件—＞颗粒活性炭＋石英砂（自动反冲）—＞净化水 出水 市政进水 寇 ～阀体 、不锈钢过滤网组件 .中心管 颗粒活性炭 石英砂 布水器 （图2） 三、开箱检查 Packing List 变压器 Transformer 排水管 Drain House,3meters 卡子 Clips 安装接头 Installation Tubes 软管固定夹 Hose Clamps （图3） 排污弯头 Adaptor Elbow 旁通阀 Bypass Valve 3 产品介绍 F9OWATFR 四、",
V81WHF,S80WHF/S81WHF/S82WHF/V80WHF/V81WHF/V82WHF型银钻系列净水机,复合/中央净水,银钻系列,"出水
市政进水
～阀体
不锈钢过滤网组件
.中心管
颗粒活性炭
石英砂
布水器
（图2）
开箱检查
Packing
List
变压器
Transformer
排水管
Drain
House,3meters
卡子
Clips
安装接头
Installation
Tubes
软管固定夹
Hose
Clamps
（图3）
排污弯头
Adaptor
Elbow
旁通阀",未在可识别正文中找到明确开箱配件或装箱清单,found,结构示意图,not_found,,S80WHF_S81WHF_S82WHF_V80WHF_V81WHF_V82WHF型银钻系列净水机.pdf,../S80WHF_S81WHF_S82WHF_V80WHF_V81WHF_V82WHF型银钻系列净水机.pdf,1,"市政自来水—＞不锈钢过滤网组件—＞颗粒活性炭＋石英砂（自动反冲）—＞净化水 出水 市政进水 寇 ～阀体 、不锈钢过滤网组件 .中心管 颗粒活性炭 石英砂 布水器 （图2） 三、开箱检查 Packing List 变压器 Transformer 排水管 Drain House,3meters 卡子 Clips 安装接头 Installation Tubes 软管固定夹 Hose Clamps （图3） 排污弯头 Adaptor Elbow 旁通阀 Bypass Valve 3 产品介绍 F9OWATFR 四、",
V82WHF,S80WHF/S81WHF/S82WHF/V80WHF/V81WHF/V82WHF型银钻系列净水机,复合/中央净水,银钻系列,"出水
市政进水
～阀体
不锈钢过滤网组件
.中心管
颗粒活性炭
石英砂
布水器
（图2）
开箱检查
Packing
List
变压器
Transformer
排水管
Drain
House,3meters
卡子
Clips
安装接头
Installation
Tubes
软管固定夹
Hose
Clamps
（图3）
排污弯头
Adaptor
Elbow
旁通阀",未在可识别正文中找到明确开箱配件或装箱清单,found,结构示意图,not_found,,S80WHF_S81WHF_S82WHF_V80WHF_V81WHF_V82WHF型银钻系列净水机.pdf,../S80WHF_S81WHF_S82WHF_V80WHF_V81WHF_V82WHF型银钻系列净水机.pdf,1,"市政自来水—＞不锈钢过滤网组件—＞颗粒活性炭＋石英砂（自动反冲）—＞净化水 出水 市政进水 寇 ～阀体 、不锈钢过滤网组件 .中心管 颗粒活性炭 石英砂 布水器 （图2） 三、开箱检查 Packing List 变压器 Transformer 排水管 Drain House,3meters 卡子 Clips 安装接头 Installation Tubes 软管固定夹 Hose Clamps （图3） 排污弯头 Adaptor Elbow 旁通阀 Bypass Valve 3 产品介绍 F9OWATFR 四、",
S82ECM,S82ECM MANUAL工程款,软水机,工程款,"软水
市政进水
盐箱
~阀体
吸盐阀
～树脂罐
树脂","软水机从工厂发出时装在一个纸板箱中。该
纸板箱内还装有安装该设备所需要的小型零件袋
以及本手册
彻底检查软水机
看运输中是否有损坏或部
件遗失
还应检查纸箱是否有损坏。如果存在损坏
请联系当地销售商及运输公司
本公司不负责运
输途中造成的损坏
拆开包装材料。我们建议您在准备使用之前不要
打开小型零配件袋",found,结构示意图,found,开箱,S82ECM MANUAL工程款.pdf,../S82ECM MANUAL工程款.pdf,2,软水 市政进水 盐箱 ~阀体 吸盐阀 ～树脂罐 树脂 3 安装提示 F9OWATER 典型安装图 •软水 主水管 自来水 出水口 变压器 去控制器、 接 进水口 旁通阀 ［主管道 出水阀--040 ｛3阀旁通 出水口 进水阀 ～去控制器 进水口 排污管 自来水 旁通阀 盐箱溢流管 盐箱溢流管 排污管 约4cm 气隙 不 排污管应稳妥固定 约4cm 气隙 地漏 入口一出口管线连接可选方案 一是安装随软水机的旁通阀，或者三阀旁通系统。利用旁通阀，您可以在需要维修时切断到软水机 的供水，但是在室内仍可保留自来水供水。 其,软水机从工厂发出时装在一个纸板箱中。该 纸板箱内还装有安装该设备所需要的小型零件袋， 以及本手册。 彻底检查软水机，看运输中是否有损坏或部 件遗失，还应检查纸箱是否有损坏。如果存在损坏， 请联系当地销售商及运输公司，本公司不负责运 输途中造成的损坏。 拆开包装材料。我们建议您在准备使用之前不要 打开小型零配件袋。 2.
S82WHF,S82WHF MANUAL工程款,复合/中央净水,工程款,未在可识别正文中找到明确产品组件清单,未在可识别正文中找到明确开箱配件或装箱清单,not_found,,not_found,,S82WHF MANUAL工程款.pdf,../S82WHF MANUAL工程款.pdf,2,,
S1-LITE,Slim S1-Lite (电商渠道) ERO131-3,反渗透净水机,Slim S1,未在可识别正文中找到明确产品组件清单,未在可识别正文中找到明确开箱配件或装箱清单,not_found,,not_found,,Slim S1-Lite (电商渠道) ERO131-3.pdf,../Slim S1-Lite (电商渠道) ERO131-3.pdf,1,,
ERO131-3,Slim S1-Lite (电商渠道) ERO131-3,反渗透净水机,Slim S1,未在可识别正文中找到明确产品组件清单,未在可识别正文中找到明确开箱配件或装箱清单,not_found,,not_found,,Slim S1-Lite (电商渠道) ERO131-3.pdf,../Slim S1-Lite (电商渠道) ERO131-3.pdf,1,,
U1,U1 EUF502-2 享爱系列,其他,享爱系列,"本产品的所有组件都包含在单一包装箱内，其中包括以下组件
EUF502-2型净水机机头
2支滤芯
随机配送1个水龙头，用户可根据需要另外增配
配有带颜色标记及一定长度的软管
电池、油脂袋和管接头配件包
螺钉两个（用于壁挂）
用户手册","在单一包装箱内，其中包括以下组件
EUF502-2型净水机机头
2支滤芯
随机配送1个水龙头，用户可根据需要另外增配
配有带颜色标记及一定长度的软管
电池、油脂袋和管接头配件包
螺钉两个（用于壁挂）
用户手册",found,产品组件,found,本产品的所有组件都包含,U1 EUF502-2 享爱系列.pdf,../U1 EUF502-2 享爱系列.pdf,1,本产品的所有组件都包含在单一包装箱内，其中包括以下组件： （1） EUF502-2型净水机机头 （2） 2支滤芯 （3） 随机配送1个水龙头，用户可根据需要另外增配 （4） 配有带颜色标记及一定长度的软管 （5）电池、油脂袋和管接头配件包 （6） 螺钉两个（用于壁挂） （7） 用户手册,在单一包装箱内，其中包括以下组件： （1） EUF502-2型净水机机头 （2） 2支滤芯 （3） 随机配送1个水龙头，用户可根据需要另外增配 （4） 配有带颜色标记及一定长度的软管 （5）电池、油脂袋和管接头配件包 （6） 螺钉两个（用于壁挂） （7） 用户手册
EUF502-2,U1 EUF502-2 享爱系列,其他,享爱系列,"本产品的所有组件都包含在单一包装箱内，其中包括以下组件
EUF502-2型净水机机头
2支滤芯
随机配送1个水龙头，用户可根据需要另外增配
配有带颜色标记及一定长度的软管
电池、油脂袋和管接头配件包
螺钉两个（用于壁挂）
用户手册","在单一包装箱内，其中包括以下组件
EUF502-2型净水机机头
2支滤芯
随机配送1个水龙头，用户可根据需要另外增配
配有带颜色标记及一定长度的软管
电池、油脂袋和管接头配件包
螺钉两个（用于壁挂）
用户手册",found,产品组件,found,本产品的所有组件都包含,U1 EUF502-2 享爱系列.pdf,../U1 EUF502-2 享爱系列.pdf,1,本产品的所有组件都包含在单一包装箱内，其中包括以下组件： （1） EUF502-2型净水机机头 （2） 2支滤芯 （3） 随机配送1个水龙头，用户可根据需要另外增配 （4） 配有带颜色标记及一定长度的软管 （5）电池、油脂袋和管接头配件包 （6） 螺钉两个（用于壁挂） （7） 用户手册,在单一包装箱内，其中包括以下组件： （1） EUF502-2型净水机机头 （2） 2支滤芯 （3） 随机配送1个水龙头，用户可根据需要另外增配 （4） 配有带颜色标记及一定长度的软管 （5）电池、油脂袋和管接头配件包 （6） 螺钉两个（用于壁挂） （7） 用户手册
X20ECM,X20ECM X35ECM Owner Manual Rev A,软水机,软水机,未在可识别正文中找到明确产品组件清单,未在可识别正文中找到明确开箱配件或装箱清单,not_found,,not_found,,X20ECM X35ECM Owner Manual Rev A.pdf,../X20ECM X35ECM Owner Manual Rev A.pdf,1,,
X35ECM,X20ECM X35ECM Owner Manual Rev A,软水机,软水机,未在可识别正文中找到明确产品组件清单,未在可识别正文中找到明确开箱配件或装箱清单,not_found,,not_found,,X20ECM X35ECM Owner Manual Rev A.pdf,../X20ECM X35ECM Owner Manual Rev A.pdf,1,,
ESF110,前置ESF110/112-A产品说明书,前置过滤器,前置过滤器,未在可识别正文中找到明确产品组件清单,未在可识别正文中找到明确开箱配件或装箱清单,not_found,,not_found,,前置ESF110_112-A产品说明书.pdf,../前置ESF110_112-A产品说明书.pdf,2,,
ESF112-A,前置ESF110/112-A产品说明书,前置过滤器,前置过滤器,未在可识别正文中找到明确产品组件清单,未在可识别正文中找到明确开箱配件或装箱清单,not_found,,not_found,,前置ESF110_112-A产品说明书.pdf,../前置ESF110_112-A产品说明书.pdf,2,,
ESF118,前置ESF118_120-A Owner manual,前置过滤器,前置过滤器,未在可识别正文中找到明确产品组件清单,未在可识别正文中找到明确开箱配件或装箱清单,not_found,,not_found,,前置ESF118_120-A Owner manual.pdf,../前置ESF118_120-A Owner manual.pdf,1,,
ESF120-A,前置ESF118_120-A Owner manual,前置过滤器,前置过滤器,未在可识别正文中找到明确产品组件清单,未在可识别正文中找到明确开箱配件或装箱清单,not_found,,not_found,,前置ESF118_120-A Owner manual.pdf,../前置ESF118_120-A Owner manual.pdf,1,,
ESFX-M,前置ESFX-M Owner manual,前置过滤器,前置过滤器,"本产品的所有组件都包含在单一包装箱内，其中包括以下的组件
前置过滤器主机
排水管
支架及螺钉 三•产品功能 本产品为前置过滤器装置，需连接在房屋自来水总进水处，它能滤除水源中的悬浮颗粒并定期手动 冲洗，将截获的污垢从排水管冲出。 注意：本产品可用于减少水中含有的...","在单一包装箱内，其中包括以下的组件
前置过滤器主机
排水管
支架及螺钉 三•产品功能 本产品为前置过滤器装置，需连接在房屋自来水总进水处，它能滤除水源中的悬浮颗粒并定期手动 冲洗，将截获的污垢从排水管冲出。 注意：本产品可用于减少水中含有的...",found,产品组件,found,本产品的所有组件都包含,前置ESFX-M Owner manual.pdf,../前置ESFX-M Owner manual.pdf,1,本产品的所有组件都包含在单一包装箱内，其中包括以下的组件： （1）前置过滤器主机 （3）排水管 （2） 支架及螺钉 三•产品功能 本产品为前置过滤器装置，需连接在房屋自来水总进水处，它能滤除水源中的悬浮颗粒并定期手动 冲洗，将截获的污垢从排水管冲出。 注意：本产品可用于减少水中含有的沙粒、砾石、碎屑、铁锈以及其他水中悬浮物。但如果水源中 本身含有粘性沉淀物，如淤泥、粘土等，您有必要定期将过滤器拆开并清洗里面的滤网。（滤网是耗材， 需定期清洗或更换。） • 手动冲洗装置 本机配有手动冲洗装置，清洗周期因各地水质而定，,在单一包装箱内，其中包括以下的组件： （1）前置过滤器主机 （3）排水管 （2） 支架及螺钉 三•产品功能 本产品为前置过滤器装置，需连接在房屋自来水总进水处，它能滤除水源中的悬浮颗粒并定期手动 冲洗，将截获的污垢从排水管冲出。 注意：本产品可用于减少水中含有的沙粒、砾石、碎屑、铁锈以及其他水中悬浮物。但如果水源中 本身含有粘性沉淀物，如淤泥、粘土等，您有必要定期将过滤器拆开并清洗里面的滤网。（滤网是耗材， 需定期清洗或更换。） • 手动冲洗装置 本机配有手动冲洗装置，清洗周期因各地水质而定，建议至少每个月冲洗一次
ERH-X10,怡口厨下净热ERH-X10&ERH-X20说明书 V11,管线机/饮水机,管线机/饮水机,未在可识别正文中找到明确产品组件清单,"主机
零件包",not_found,,found,包装箱内,怡口厨下净热ERH-X10&ERH-X20说明书 V11.pdf,../怡口厨下净热ERH-X10&ERH-X20说明书 V11.pdf,1,,的附件是否完整。 1、将包装打开，取出主机及零件包。 2、检查整机机身、包装箱及保修联的序列号是否一致。 3、确认整机的摆放位置及空间并预留水源、排污接口及一个三脚插座。 4、确认进水水压，水压要求为：0.1-0.4MPa。 在安装前需关闭进水水源，以免发生漏水现象。 取水时请使用大容量、大口径的容器，尽量避免手持水壶，以防烫伤。 1、在水槽或台面上选择合适安装位置（主机与触控龙头垂直为佳），安装龙头位置的直径38mm内需要平整，请用钻头钻取 触控龙头所需要的安装孔直径30mm（或者水槽上找到合适安装孔位）。 2、
ERH-X20,怡口厨下净热ERH-X10&ERH-X20说明书 V11,管线机/饮水机,管线机/饮水机,未在可识别正文中找到明确产品组件清单,"主机
零件包",not_found,,found,包装箱内,怡口厨下净热ERH-X10&ERH-X20说明书 V11.pdf,../怡口厨下净热ERH-X10&ERH-X20说明书 V11.pdf,1,,的附件是否完整。 1、将包装打开，取出主机及零件包。 2、检查整机机身、包装箱及保修联的序列号是否一致。 3、确认整机的摆放位置及空间并预留水源、排污接口及一个三脚插座。 4、确认进水水压，水压要求为：0.1-0.4MPa。 在安装前需关闭进水水源，以免发生漏水现象。 取水时请使用大容量、大口径的容器，尽量避免手持水壶，以防烫伤。 1、在水槽或台面上选择合适安装位置（主机与触控龙头垂直为佳），安装龙头位置的直径38mm内需要平整，请用钻头钻取 触控龙头所需要的安装孔直径30mm（或者水槽上找到合适安装孔位）。 2、
ESF110,怡口牌ESF110_112-A Owner manual,其他,其他,未在可识别正文中找到明确产品组件清单,未在可识别正文中找到明确开箱配件或装箱清单,not_found,,not_found,,怡口牌ESF110_112-A Owner manual.pdf,../怡口牌ESF110_112-A Owner manual.pdf,2,,
ESF112-A,怡口牌ESF110_112-A Owner manual,其他,其他,未在可识别正文中找到明确产品组件清单,未在可识别正文中找到明确开箱配件或装箱清单,not_found,,not_found,,怡口牌ESF110_112-A Owner manual.pdf,../怡口牌ESF110_112-A Owner manual.pdf,2,,
